STATION_NUMBER,RHBN,REGULATED
01AA002,FALSE,FALSE
01AD001,FALSE,TRUE
01AD002,TRUE,FALSE
01AD003,TRUE,FALSE
01AD004,FALSE,FALSE
01AD005,FALSE,TRUE
01AD008,FALSE,FALSE
01AD009,FALSE,FALSE
01AD012,FALSE,FALSE
01AD013,FALSE,FALSE
01AD014,FALSE,FALSE
01AD015,FALSE,
01AE001,FALSE,FALSE
01AF002,FALSE,TRUE
01AF003,FALSE,TRUE
01AF006,FALSE,FALSE
01AF007,FALSE,FALSE
01AF008,FALSE,TRUE
01AF009,FALSE,FALSE
01AF010,FALSE,TRUE
01AF011,FALSE,FALSE
01AG002,FALSE,FALSE
01AG003,FALSE,TRUE
01AH001,FALSE,FALSE
01AH002,FALSE,TRUE
01AH003,FALSE,TRUE
01AH004,FALSE,TRUE
01AH005,FALSE,FALSE
01AJ001,FALSE,TRUE
01AJ002,FALSE,TRUE
01AJ003,FALSE,FALSE
01AJ004,TRUE,FALSE
01AJ005,FALSE,TRUE
01AJ006,FALSE,FALSE
01AJ007,FALSE,FALSE
01AJ008,FALSE,TRUE
01AJ009,FALSE,TRUE
01AJ010,TRUE,FALSE
01AJ011,FALSE,FALSE
01AJ012,FALSE,TRUE
01AJ013,FALSE,FALSE
01AK001,TRUE,FALSE
01AK002,FALSE,TRUE
01AK003,FALSE,TRUE
01AK004,FALSE,TRUE
01AK005,FALSE,FALSE
01AK006,FALSE,FALSE
01AK007,FALSE,FALSE
01AK008,FALSE,FALSE
01AK009,FALSE,TRUE
01AK010,FALSE,TRUE
01AL001,FALSE,
01AL002,FALSE,FALSE
01AL003,FALSE,FALSE
01AL004,TRUE,FALSE
01AL005,FALSE,FALSE
01AL006,FALSE,FALSE
01AL007,FALSE,FALSE
01AL008,FALSE,FALSE
01AM001,FALSE,FALSE
01AN001,FALSE,FALSE
01AN002,FALSE,FALSE
01AO001,FALSE,FALSE
01AO002,FALSE,TRUE
01AO003,FALSE,TRUE
01AO004,FALSE,TRUE
01AO009,FALSE,FALSE
01AO010,FALSE,TRUE
01AO011,FALSE,TRUE
01AO012,FALSE,TRUE
01AP001,FALSE,FALSE
01AP002,TRUE,FALSE
01AP003,FALSE,TRUE
01AP004,TRUE,FALSE
01AP005,FALSE,TRUE
01AP006,FALSE,FALSE
01AP009,FALSE,FALSE
01AP010,FALSE,FALSE
01AQ001,TRUE,FALSE
01AQ002,FALSE,TRUE
01AQ003,FALSE,TRUE
01AQ004,FALSE,TRUE
01AQ005,FALSE,TRUE
01AQ006,FALSE,FALSE
01AQ007,FALSE,TRUE
01AQ008,FALSE,FALSE
01AQ009,FALSE,TRUE
01AR001,FALSE,FALSE
01AR002,FALSE,FALSE
01AR003,FALSE,TRUE
01AR004,FALSE,TRUE
01AR005,FALSE,TRUE
01AR006,FALSE,TRUE
01AR007,FALSE,FALSE
01AR008,FALSE,FALSE
01AR009,FALSE,TRUE
01AR010,FALSE,TRUE
01AR011,FALSE,TRUE
01AR012,FALSE,FALSE
01AR013,FALSE,TRUE
01AR014,FALSE,TRUE
01BA001,FALSE,FALSE
01BC001,TRUE,FALSE
01BD001,FALSE,TRUE
01BD002,FALSE,FALSE
01BD004,FALSE,FALSE
01BD005,FALSE,FALSE
01BD008,FALSE,FALSE
01BD009,FALSE,FALSE
01BE001,TRUE,FALSE
01BF001,FALSE,FALSE
01BF002,FALSE,TRUE
01BF003,FALSE,TRUE
01BF004,FALSE,FALSE
01BG001,FALSE,FALSE
01BG002,FALSE,FALSE
01BG003,FALSE,FALSE
01BG004,FALSE,FALSE
01BG005,FALSE,FALSE
01BG006,FALSE,FALSE
01BG007,FALSE,FALSE
01BG008,FALSE,FALSE
01BG009,FALSE,FALSE
01BG010,FALSE,
01BH001,FALSE,FALSE
01BH002,FALSE,FALSE
01BH003,FALSE,FALSE
01BH005,TRUE,FALSE
01BH007,FALSE,FALSE
01BH008,FALSE,FALSE
01BH009,FALSE,FALSE
01BH010,FALSE,FALSE
01BH011,FALSE,FALSE
01BH012,FALSE,
01BJ001,FALSE,FALSE
01BJ002,FALSE,FALSE
01BJ003,TRUE,FALSE
01BJ004,FALSE,FALSE
01BJ006,FALSE,TRUE
01BJ007,FALSE,FALSE
01BJ008,FALSE,FALSE
01BJ009,FALSE,TRUE
01BJ010,FALSE,FALSE
01BJ011,FALSE,FALSE
01BJ012,FALSE,FALSE
01BK001,FALSE,FALSE
01BK002,FALSE,FALSE
01BK003,FALSE,TRUE
01BK004,FALSE,TRUE
01BK005,FALSE,TRUE
01BK006,FALSE,FALSE
01BL001,FALSE,FALSE
01BL002,TRUE,FALSE
01BL003,FALSE,FALSE
01BO001,TRUE,FALSE
01BO002,FALSE,FALSE
01BO003,FALSE,FALSE
01BO004,FALSE,FALSE
01BP001,TRUE,FALSE
01BP002,FALSE,FALSE
01BQ001,TRUE,FALSE
01BQ002,FALSE,TRUE
01BQ003,FALSE,TRUE
01BQ006,FALSE,TRUE
01BQ007,FALSE,TRUE
01BR001,FALSE,FALSE
01BS001,TRUE,FALSE
01BT001,FALSE,FALSE
01BU001,FALSE,FALSE
01BU002,TRUE,FALSE
01BU003,FALSE,FALSE
01BU004,FALSE,FALSE
01BU005,FALSE,FALSE
01BU006,FALSE,FALSE
01BU007,FALSE,FALSE
01BU008,FALSE,FALSE
01BU009,FALSE,FALSE
01BU013,FALSE,TRUE
01BU014,FALSE,TRUE
01BU015,FALSE,TRUE
01BV001,FALSE,FALSE
01BV002,FALSE,FALSE
01BV003,FALSE,FALSE
01BV004,FALSE,FALSE
01BV005,FALSE,FALSE
01BV006,TRUE,FALSE
01BV007,FALSE,FALSE
01BV008,FALSE,FALSE
01BV009,FALSE,
01BV010,FALSE,FALSE
01CA001,FALSE,TRUE
01CA002,FALSE,FALSE
01CA003,TRUE,FALSE
01CA004,FALSE,FALSE
01CA005,FALSE,
01CB001,FALSE,TRUE
01CB002,FALSE,TRUE
01CB003,FALSE,TRUE
01CB004,FALSE,TRUE
01CB005,FALSE,FALSE
01CB006,FALSE,FALSE
01CB007,FALSE,FALSE
01CB008,FALSE,FALSE
01CB009,FALSE,FALSE
01CB010,FALSE,FALSE
01CB011,FALSE,FALSE
01CB012,FALSE,FALSE
01CB013,FALSE,TRUE
01CB014,FALSE,FALSE
01CB015,FALSE,
01CB018,FALSE,
01CC001,FALSE,TRUE
01CC002,FALSE,TRUE
01CC003,FALSE,TRUE
01CC004,FALSE,FALSE
01CC005,TRUE,FALSE
01CC006,FALSE,FALSE
01CC007,FALSE,
01CC008,FALSE,
01CC009,FALSE,
01CC010,FALSE,TRUE
01CC011,FALSE,FALSE
01CD001,FALSE,TRUE
01CD002,FALSE,TRUE
01CD003,FALSE,TRUE
01CD004,FALSE,FALSE
01CD005,FALSE,FALSE
01CE001,FALSE,FALSE
01CE002,FALSE,TRUE
01CE003,FALSE,FALSE
01CE004,FALSE,FALSE
01CE005,FALSE,FALSE
01CE006,FALSE,FALSE
01DA001,FALSE,TRUE
01DB001,FALSE,TRUE
01DB002,FALSE,FALSE
01DC001,FALSE,TRUE
01DC002,FALSE,TRUE
01DC003,FALSE,FALSE
01DC005,FALSE,TRUE
01DC006,FALSE,TRUE
01DC007,FALSE,TRUE
01DD001,FALSE,TRUE
01DD002,FALSE,FALSE
01DD003,FALSE,TRUE
01DD004,FALSE,FALSE
01DD005,FALSE,FALSE
01DE002,FALSE,TRUE
01DF001,FALSE,FALSE
01DG001,FALSE,TRUE
01DG002,FALSE,TRUE
01DG003,TRUE,FALSE
01DG004,FALSE,FALSE
01DG006,FALSE,FALSE
01DG007,FALSE,FALSE
01DG017,FALSE,FALSE
01DG018,FALSE,FALSE
01DG019,FALSE,FALSE
01DG020,FALSE,FALSE
01DG021,FALSE,FALSE
01DG022,FALSE,FALSE
01DG023,FALSE,FALSE
01DG024,FALSE,FALSE
01DG025,FALSE,FALSE
01DG026,FALSE,FALSE
01DG027,FALSE,FALSE
01DG028,FALSE,FALSE
01DG029,FALSE,FALSE
01DG030,FALSE,FALSE
01DG031,FALSE,FALSE
01DG032,FALSE,FALSE
01DG033,FALSE,FALSE
01DG035,FALSE,FALSE
01DG041,FALSE,FALSE
01DG043,FALSE,FALSE
01DH001,FALSE,FALSE
01DH002,FALSE,FALSE
01DH003,FALSE,FALSE
01DH004,FALSE,FALSE
01DH005,FALSE,FALSE
01DH006,FALSE,FALSE
01DJ001,FALSE,FALSE
01DJ003,FALSE,FALSE
01DJ004,FALSE,FALSE
01DJ005,FALSE,FALSE
01DL001,TRUE,FALSE
01DL002,FALSE,FALSE
01DN001,FALSE,TRUE
01DN002,FALSE,FALSE
01DN003,FALSE,FALSE
01DN004,FALSE,FALSE
01DN005,FALSE,FALSE
01DN006,FALSE,FALSE
01DN007,FALSE,FALSE
01DN008,FALSE,FALSE
01DO001,FALSE,FALSE
01DP001,FALSE,TRUE
01DP002,FALSE,TRUE
01DP003,FALSE,FALSE
01DP004,TRUE,FALSE
01DQ001,FALSE,FALSE
01DR001,FALSE,FALSE
01DR002,FALSE,FALSE
01DR003,FALSE,FALSE
01EA001,FALSE,FALSE
01EA002,FALSE,FALSE
01EA003,FALSE,TRUE
01EC001,TRUE,FALSE
01EC002,FALSE,FALSE
01ED001,FALSE,TRUE
01ED002,FALSE,TRUE
01ED003,FALSE,TRUE
01ED005,TRUE,FALSE
01ED006,FALSE,FALSE
01ED007,TRUE,FALSE
01ED008,FALSE,FALSE
01ED009,FALSE,FALSE
01ED010,FALSE,FALSE
01ED011,FALSE,FALSE
01ED013,FALSE,FALSE
01EE001,FALSE,TRUE
01EE002,FALSE,TRUE
01EE003,FALSE,TRUE
01EE004,FALSE,FALSE
01EE005,TRUE,FALSE
01EE006,FALSE,FALSE
01EE007,FALSE,FALSE
01EF001,TRUE,FALSE
01EF003,FALSE,TRUE
01EG001,FALSE,TRUE
01EG002,FALSE,FALSE
01EH001,FALSE,TRUE
01EH002,FALSE,TRUE
01EH003,FALSE,FALSE
01EH006,FALSE,FALSE
01EJ001,FALSE,FALSE
01EJ002,FALSE,FALSE
01EJ004,FALSE,FALSE
01EJ005,FALSE,TRUE
01EJ006,FALSE,
01EK001,FALSE,TRUE
01EK002,FALSE,FALSE
01EK003,FALSE,TRUE
01EK004,FALSE,TRUE
01EM001,FALSE,TRUE
01EM002,FALSE,FALSE
01EN001,FALSE,TRUE
01EN002,FALSE,FALSE
01EN003,FALSE,FALSE
01EO001,TRUE,FALSE
01EO002,FALSE,FALSE
01EO003,FALSE,FALSE
01ER001,FALSE,FALSE
01ER002,FALSE,FALSE
01FA001,TRUE,FALSE
01FA002,FALSE,TRUE
01FA003,FALSE,TRUE
01FB001,TRUE,FALSE
01FB003,TRUE,FALSE
01FB004,FALSE,FALSE
01FB005,FALSE,FALSE
01FB006,FALSE,FALSE
01FC001,FALSE,FALSE
01FC002,FALSE,TRUE
01FC003,FALSE,TRUE
01FD001,FALSE,FALSE
01FE001,FALSE,FALSE
01FE002,FALSE,TRUE
01FF001,FALSE,FALSE
01FG001,FALSE,FALSE
01FH001,FALSE,FALSE
01FJ001,FALSE,FALSE
01FJ002,TRUE,FALSE
01FJ004,FALSE,FALSE
01FJ006,FALSE,FALSE
02AA001,FALSE,FALSE
02AA002,FALSE,FALSE
02AB001,FALSE,TRUE
02AB002,FALSE,TRUE
02AB003,FALSE,TRUE
02AB004,FALSE,TRUE
02AB005,FALSE,TRUE
02AB006,FALSE,TRUE
02AB007,FALSE,TRUE
02AB008,TRUE,FALSE
02AB009,FALSE,TRUE
02AB010,FALSE,TRUE
02AB011,FALSE,TRUE
02AB012,FALSE,TRUE
02AB013,FALSE,TRUE
02AB014,FALSE,FALSE
02AB015,FALSE,TRUE
02AB016,FALSE,TRUE
02AB017,FALSE,FALSE
02AB018,FALSE,FALSE
02AB019,FALSE,FALSE
02AB020,FALSE,TRUE
02AB021,FALSE,FALSE
02AB022,FALSE,FALSE
02AB023,FALSE,FALSE
02AB024,FALSE,
02AB025,FALSE,TRUE
02AB026,FALSE,
02AB027,FALSE,
02AC001,FALSE,FALSE
02AC002,FALSE,FALSE
02AD002,FALSE,TRUE
02AD003,FALSE,TRUE
02AD006,FALSE,TRUE
02AD007,FALSE,TRUE
02AD008,FALSE,TRUE
02AD009,FALSE,TRUE
02AD010,FALSE,FALSE
02AD011,FALSE,FALSE
02AD012,FALSE,TRUE
02AE001,FALSE,FALSE
02BA002,FALSE,FALSE
02BA003,FALSE,FALSE
02BA004,FALSE,FALSE
02BA005,TRUE,FALSE
02BA006,FALSE,FALSE
02BB002,FALSE,FALSE
02BB003,FALSE,FALSE
02BB004,FALSE,TRUE
02BC002,FALSE,TRUE
02BC003,FALSE,TRUE
02BC004,FALSE,TRUE
02BC005,FALSE,FALSE
02BC006,FALSE,
02BC007,FALSE,TRUE
02BC008,FALSE,TRUE
02BD001,FALSE,TRUE
02BD002,FALSE,TRUE
02BD003,FALSE,FALSE
02BD004,FALSE,FALSE
02BD005,FALSE,TRUE
02BD006,FALSE,TRUE
02BD007,FALSE,TRUE
02BE001,FALSE,FALSE
02BE002,FALSE,TRUE
02BF001,FALSE,FALSE
02BF002,TRUE,FALSE
02BF003,FALSE,FALSE
02BF004,FALSE,FALSE
02BF005,FALSE,FALSE
02BF006,FALSE,FALSE
02BF007,FALSE,FALSE
02BF008,FALSE,FALSE
02BF009,FALSE,FALSE
02BF010,FALSE,FALSE
02BF011,FALSE,TRUE
02BF012,FALSE,FALSE
02BF013,FALSE,FALSE
02BF014,FALSE,TRUE
02CA001,FALSE,TRUE
02CA002,TRUE,FALSE
02CA003,FALSE,TRUE
02CA004,FALSE,TRUE
02CA005,FALSE,TRUE
02CA006,FALSE,FALSE
02CA007,FALSE,TRUE
02CB001,FALSE,TRUE
02CB002,FALSE,TRUE
02CB003,FALSE,FALSE
02CC002,FALSE,FALSE
02CC003,FALSE,TRUE
02CC004,FALSE,TRUE
02CC005,FALSE,TRUE
02CC006,FALSE,TRUE
02CC007,FALSE,TRUE
02CC008,FALSE,TRUE
02CC009,FALSE,TRUE
02CC010,FALSE,TRUE
02CD001,FALSE,TRUE
02CD002,FALSE,TRUE
02CD003,FALSE,TRUE
02CD004,FALSE,TRUE
02CD005,FALSE,FALSE
02CD006,FALSE,FALSE
02CD007,FALSE,
02CD008,FALSE,FALSE
02CD009,FALSE,FALSE
02CD010,FALSE,FALSE
02CE001,FALSE,TRUE
02CE002,FALSE,TRUE
02CE003,FALSE,TRUE
02CE004,FALSE,TRUE
02CE007,FALSE,FALSE
02CE103,FALSE,FALSE
02CF001,FALSE,TRUE
02CF002,FALSE,TRUE
02CF004,FALSE,TRUE
02CF005,FALSE,TRUE
02CF007,FALSE,FALSE
02CF008,TRUE,FALSE
02CF009,FALSE,TRUE
02CF010,FALSE,TRUE
02CF011,FALSE,FALSE
02CF012,FALSE,FALSE
02CF013,FALSE,TRUE
02CF014,FALSE,
02CF100,FALSE,FALSE
02CG001,FALSE,TRUE
02CG002,FALSE,FALSE
02CG003,TRUE,FALSE
02CG004,FALSE,
02CG005,FALSE,TRUE
02CH001,FALSE,TRUE
02CH002,FALSE,TRUE
02DA001,FALSE,TRUE
02DA002,FALSE,TRUE
02DB001,FALSE,FALSE
02DB002,FALSE,TRUE
02DB003,FALSE,TRUE
02DB004,FALSE,FALSE
02DB005,FALSE,TRUE
02DB006,FALSE,TRUE
02DB007,FALSE,FALSE
02DB008,FALSE,TRUE
02DC001,FALSE,TRUE
02DC002,FALSE,TRUE
02DC003,FALSE,TRUE
02DC004,FALSE,TRUE
02DC005,FALSE,TRUE
02DC006,FALSE,TRUE
02DC007,FALSE,TRUE
02DC008,FALSE,TRUE
02DC009,FALSE,TRUE
02DC010,FALSE,TRUE
02DC011,FALSE,FALSE
02DC012,FALSE,FALSE
02DC013,FALSE,FALSE
02DD001,FALSE,TRUE
02DD002,FALSE,TRUE
02DD004,FALSE,TRUE
02DD005,FALSE,TRUE
02DD006,FALSE,TRUE
02DD007,FALSE,TRUE
02DD008,FALSE,FALSE
02DD009,FALSE,TRUE
02DD010,FALSE,TRUE
02DD012,FALSE,FALSE
02DD013,TRUE,FALSE
02DD014,FALSE,FALSE
02DD015,FALSE,FALSE
02DD016,FALSE,TRUE
02DD017,FALSE,TRUE
02DD018,FALSE,FALSE
02DD019,FALSE,TRUE
02DD020,FALSE,
02DD021,FALSE,TRUE
02DD022,FALSE,TRUE
02DD023,FALSE,
02DD024,FALSE,FALSE
02DD025,FALSE,TRUE
02DD026,FALSE,TRUE
02DD027,FALSE,TRUE
02DD028,FALSE,
02DD029,FALSE,TRUE
02DD030,FALSE,TRUE
02DD031,FALSE,TRUE
02DD032,FALSE,
02EA001,FALSE,TRUE
02EA005,TRUE,FALSE
02EA006,FALSE,TRUE
02EA007,FALSE,TRUE
02EA008,FALSE,TRUE
02EA009,FALSE,TRUE
02EA010,FALSE,FALSE
02EA011,FALSE,TRUE
02EA012,FALSE,FALSE
02EA013,FALSE,FALSE
02EA014,FALSE,FALSE
02EA015,FALSE,TRUE
02EA016,FALSE,TRUE
02EA017,FALSE,TRUE
02EA018,FALSE,FALSE
02EA019,FALSE,TRUE
02EA020,FALSE,
02EA021,FALSE,FALSE
02EB002,FALSE,TRUE
02EB003,FALSE,TRUE
02EB004,FALSE,TRUE
02EB005,FALSE,TRUE
02EB006,FALSE,TRUE
02EB007,FALSE,TRUE
02EB008,FALSE,TRUE
02EB009,FALSE,TRUE
02EB010,FALSE,TRUE
02EB011,FALSE,TRUE
02EB012,FALSE,TRUE
02EB013,FALSE,TRUE
02EB014,FALSE,FALSE
02EB015,FALSE,TRUE
02EB016,FALSE,FALSE
02EB017,FALSE,TRUE
02EB018,FALSE,TRUE
02EB019,FALSE,TRUE
02EB020,FALSE,TRUE
02EB021,FALSE,TRUE
02EB022,FALSE,FALSE
02EB023,FALSE,TRUE
02EB103,FALSE,FALSE
02EB104,FALSE,FALSE
02EB105,FALSE,FALSE
02EC001,FALSE,FALSE
02EC002,TRUE,FALSE
02EC003,FALSE,TRUE
02EC004,FALSE,TRUE
02EC005,FALSE,TRUE
02EC006,FALSE,TRUE
02EC007,FALSE,TRUE
02EC008,FALSE,TRUE
02EC009,FALSE,FALSE
02EC010,TRUE,FALSE
02EC011,FALSE,FALSE
02EC012,FALSE,TRUE
02EC013,FALSE,TRUE
02EC014,FALSE,TRUE
02EC015,FALSE,
02EC016,FALSE,TRUE
02EC017,FALSE,TRUE
02EC018,FALSE,FALSE
02EC019,FALSE,FALSE
02EC020,FALSE,FALSE
02EC021,FALSE,
02EC022,FALSE,
02EC023,FALSE,TRUE
02EC101,FALSE,TRUE
02EC103,FALSE,FALSE
02EC918,FALSE,FALSE
02ED001,FALSE,TRUE
02ED003,FALSE,FALSE
02ED004,FALSE,TRUE
02ED005,FALSE,TRUE
02ED006,FALSE,FALSE
02ED007,TRUE,FALSE
02ED008,FALSE,FALSE
02ED009,FALSE,FALSE
02ED010,FALSE,FALSE
02ED011,FALSE,FALSE
02ED012,FALSE,FALSE
02ED013,FALSE,FALSE
02ED014,FALSE,FALSE
02ED015,FALSE,FALSE
02ED016,FALSE,FALSE
02ED017,FALSE,FALSE
02ED018,FALSE,FALSE
02ED019,FALSE,FALSE
02ED020,FALSE,
02ED021,FALSE,FALSE
02ED022,FALSE,
02ED023,FALSE,
02ED024,FALSE,FALSE
02ED025,FALSE,FALSE
02ED026,FALSE,FALSE
02ED027,FALSE,TRUE
02ED028,FALSE,FALSE
02ED029,FALSE,FALSE
02ED030,FALSE,FALSE
02ED031,FALSE,
02ED032,FALSE,FALSE
02ED033,FALSE,
02ED100,FALSE,TRUE
02ED101,FALSE,FALSE
02ED102,FALSE,FALSE
02FA001,FALSE,TRUE
02FA002,TRUE,FALSE
02FA003,FALSE,FALSE
02FA004,FALSE,FALSE
02FA005,FALSE,FALSE
02FB001,FALSE,TRUE
02FB003,FALSE,TRUE
02FB004,FALSE,FALSE
02FB005,FALSE,TRUE
02FB006,FALSE,TRUE
02FB007,TRUE,FALSE
02FB008,FALSE,FALSE
02FB009,FALSE,TRUE
02FB010,TRUE,FALSE
02FB012,FALSE,
02FB013,FALSE,
02FB014,FALSE,
02FC001,FALSE,TRUE
02FC002,FALSE,TRUE
02FC004,FALSE,FALSE
02FC005,FALSE,FALSE
02FC009,FALSE,FALSE
02FC011,FALSE,FALSE
02FC012,FALSE,TRUE
02FC013,FALSE,TRUE
02FC014,FALSE,TRUE
02FC015,FALSE,TRUE
02FC016,FALSE,FALSE
02FC017,FALSE,FALSE
02FC018,FALSE,FALSE
02FC019,FALSE,FALSE
02FC020,FALSE,
02FC021,FALSE,
02FD001,FALSE,FALSE
02FD002,FALSE,FALSE
02FD003,FALSE,FALSE
02FE001,FALSE,FALSE
02FE002,FALSE,TRUE
02FE003,FALSE,TRUE
02FE004,FALSE,TRUE
02FE005,FALSE,TRUE
02FE007,FALSE,TRUE
02FE008,FALSE,FALSE
02FE009,FALSE,FALSE
02FE010,FALSE,FALSE
02FE011,FALSE,FALSE
02FE012,FALSE,FALSE
02FE013,FALSE,FALSE
02FE014,FALSE,FALSE
02FE015,FALSE,TRUE
02FE016,FALSE,
02FE017,FALSE,
02FE018,FALSE,
02FF001,FALSE,FALSE
02FF002,FALSE,TRUE
02FF003,FALSE,FALSE
02FF004,FALSE,FALSE
02FF005,FALSE,FALSE
02FF006,FALSE,FALSE
02FF007,FALSE,FALSE
02FF008,FALSE,FALSE
02FF009,FALSE,TRUE
02FF010,FALSE,FALSE
02FF011,FALSE,TRUE
02FF012,FALSE,FALSE
02FF013,FALSE,
02FF014,FALSE,
02FF015,FALSE,
02FF016,FALSE,
02GA001,FALSE,FALSE
02GA002,FALSE,FALSE
02GA003,FALSE,TRUE
02GA004,FALSE,TRUE
02GA005,FALSE,FALSE
02GA006,FALSE,TRUE
02GA007,FALSE,FALSE
02GA008,FALSE,TRUE
02GA009,FALSE,FALSE
02GA010,TRUE,FALSE
02GA011,FALSE,TRUE
02GA012,FALSE,TRUE
02GA013,FALSE,TRUE
02GA014,FALSE,TRUE
02GA015,FALSE,TRUE
02GA016,FALSE,TRUE
02GA017,FALSE,FALSE
02GA018,FALSE,FALSE
02GA020,FALSE,TRUE
02GA022,FALSE,TRUE
02GA023,FALSE,TRUE
02GA024,FALSE,TRUE
02GA027,FALSE,TRUE
02GA028,FALSE,TRUE
02GA029,FALSE,TRUE
02GA030,FALSE,TRUE
02GA031,FALSE,TRUE
02GA032,FALSE,FALSE
02GA033,FALSE,TRUE
02GA034,FALSE,TRUE
02GA035,FALSE,FALSE
02GA036,FALSE,FALSE
02GA037,FALSE,FALSE
02GA038,FALSE,FALSE
02GA039,FALSE,TRUE
02GA040,FALSE,TRUE
02GA041,FALSE,FALSE
02GA042,FALSE,FALSE
02GA043,FALSE,FALSE
02GA044,FALSE,FALSE
02GA045,FALSE,FALSE
02GA046,FALSE,FALSE
02GA047,FALSE,FALSE
02GA048,FALSE,
02GA049,FALSE,
02GA050,FALSE,
02GB001,FALSE,TRUE
02GB002,FALSE,TRUE
02GB003,FALSE,TRUE
02GB004,FALSE,FALSE
02GB005,FALSE,FALSE
02GB006,FALSE,TRUE
02GB007,FALSE,FALSE
02GB008,FALSE,TRUE
02GB009,FALSE,FALSE
02GB010,FALSE,TRUE
02GB011,FALSE,FALSE
02GC001,FALSE,FALSE
02GC002,FALSE,FALSE
02GC004,FALSE,TRUE
02GC005,FALSE,TRUE
02GC006,FALSE,TRUE
02GC007,FALSE,TRUE
02GC008,FALSE,TRUE
02GC009,FALSE,FALSE
02GC010,FALSE,FALSE
02GC011,FALSE,FALSE
02GC012,FALSE,TRUE
02GC013,FALSE,TRUE
02GC014,FALSE,TRUE
02GC015,FALSE,TRUE
02GC016,FALSE,TRUE
02GC017,FALSE,TRUE
02GC018,FALSE,FALSE
02GC021,FALSE,FALSE
02GC022,FALSE,TRUE
02GC023,FALSE,TRUE
02GC024,FALSE,TRUE
02GC025,FALSE,TRUE
02GC026,FALSE,TRUE
02GC027,FALSE,FALSE
02GC028,FALSE,FALSE
02GC029,FALSE,FALSE
02GC030,FALSE,FALSE
02GC031,FALSE,FALSE
02GC032,FALSE,FALSE
02GC033,FALSE,FALSE
02GC034,FALSE,FALSE
02GC035,FALSE,FALSE
02GC036,FALSE,FALSE
02GC037,FALSE,FALSE
02GC038,FALSE,FALSE
02GD001,FALSE,TRUE
02GD003,FALSE,TRUE
02GD004,FALSE,FALSE
02GD005,FALSE,TRUE
02GD006,FALSE,FALSE
02GD007,FALSE,TRUE
02GD008,FALSE,TRUE
02GD009,FALSE,TRUE
02GD010,FALSE,FALSE
02GD011,FALSE,TRUE
02GD012,FALSE,TRUE
02GD013,FALSE,FALSE
02GD014,FALSE,TRUE
02GD015,FALSE,TRUE
02GD016,FALSE,TRUE
02GD018,FALSE,TRUE
02GD019,FALSE,FALSE
02GD020,FALSE,FALSE
02GD021,FALSE,FALSE
02GD022,FALSE,FALSE
02GD023,FALSE,FALSE
02GD024,FALSE,FALSE
02GD025,FALSE,FALSE
02GD026,FALSE,FALSE
02GD027,FALSE,FALSE
02GD028,FALSE,FALSE
02GE001,FALSE,TRUE
02GE002,FALSE,TRUE
02GE003,FALSE,TRUE
02GE004,FALSE,TRUE
02GE005,FALSE,FALSE
02GE006,FALSE,TRUE
02GE007,FALSE,FALSE
02GE008,FALSE,FALSE
02GE009,FALSE,
02GF001,FALSE,FALSE
02GF002,FALSE,FALSE
02GG002,FALSE,FALSE
02GG003,FALSE,FALSE
02GG004,FALSE,FALSE
02GG005,FALSE,FALSE
02GG006,FALSE,FALSE
02GG007,FALSE,FALSE
02GG008,FALSE,FALSE
02GG009,FALSE,FALSE
02GG010,FALSE,FALSE
02GG011,FALSE,FALSE
02GG013,FALSE,FALSE
02GG014,FALSE,
02GH001,FALSE,FALSE
02GH002,FALSE,FALSE
02GH003,FALSE,FALSE
02GH004,FALSE,FALSE
02GH005,FALSE,FALSE
02GH006,FALSE,
02GH007,FALSE,
02GH008,FALSE,FALSE
02GH009,FALSE,FALSE
02GH010,FALSE,FALSE
02GH011,FALSE,FALSE
02GH013,FALSE,FALSE
02GH014,FALSE,FALSE
02GH015,FALSE,
02GH016,FALSE,FALSE
02HA003,FALSE,TRUE
02HA006,FALSE,FALSE
02HA007,FALSE,TRUE
02HA008,FALSE,TRUE
02HA013,FALSE,TRUE
02HA014,FALSE,FALSE
02HA015,FALSE,FALSE
02HA016,FALSE,FALSE
02HA017,FALSE,FALSE
02HA018,FALSE,FALSE
02HA019,FALSE,TRUE
02HA020,FALSE,FALSE
02HA021,FALSE,FALSE
02HA022,FALSE,FALSE
02HA023,FALSE,FALSE
02HA024,FALSE,FALSE
02HA025,FALSE,
02HA026,FALSE,TRUE
02HA027,FALSE,FALSE
02HA028,FALSE,
02HA029,FALSE,FALSE
02HA030,FALSE,FALSE
02HA031,FALSE,FALSE
02HA032,FALSE,
02HB001,FALSE,TRUE
02HB002,FALSE,TRUE
02HB004,FALSE,FALSE
02HB005,FALSE,TRUE
02HB006,FALSE,FALSE
02HB007,FALSE,TRUE
02HB008,FALSE,TRUE
02HB010,FALSE,TRUE
02HB011,FALSE,TRUE
02HB012,FALSE,FALSE
02HB013,FALSE,TRUE
02HB015,FALSE,TRUE
02HB016,FALSE,TRUE
02HB017,FALSE,FALSE
02HB018,FALSE,TRUE
02HB019,FALSE,TRUE
02HB020,FALSE,TRUE
02HB021,FALSE,FALSE
02HB022,FALSE,FALSE
02HB023,FALSE,FALSE
02HB024,FALSE,TRUE
02HB025,FALSE,TRUE
02HB026,FALSE,
02HB027,FALSE,FALSE
02HB028,FALSE,FALSE
02HB029,FALSE,FALSE
02HB030,FALSE,FALSE
02HB031,FALSE,FALSE
02HB032,FALSE,TRUE
02HB033,FALSE,
02HB034,FALSE,
02HB035,FALSE,
02HC002,FALSE,FALSE
02HC003,FALSE,TRUE
02HC004,FALSE,FALSE
02HC005,FALSE,TRUE
02HC006,FALSE,TRUE
02HC007,FALSE,FALSE
02HC008,FALSE,TRUE
02HC009,FALSE,FALSE
02HC010,FALSE,FALSE
02HC011,FALSE,FALSE
02HC012,FALSE,TRUE
02HC013,FALSE,FALSE
02HC014,FALSE,FALSE
02HC015,FALSE,FALSE
02HC016,FALSE,FALSE
02HC017,FALSE,TRUE
02HC018,FALSE,FALSE
02HC019,FALSE,FALSE
02HC022,FALSE,TRUE
02HC023,FALSE,FALSE
02HC024,FALSE,TRUE
02HC025,FALSE,FALSE
02HC026,FALSE,TRUE
02HC027,FALSE,TRUE
02HC028,FALSE,FALSE
02HC029,FALSE,FALSE
02HC030,FALSE,FALSE
02HC031,FALSE,FALSE
02HC032,FALSE,FALSE
02HC033,FALSE,FALSE
02HC034,FALSE,TRUE
02HC035,FALSE,TRUE
02HC036,FALSE,FALSE
02HC037,FALSE,FALSE
02HC038,FALSE,FALSE
02HC039,FALSE,TRUE
02HC040,FALSE,FALSE
02HC041,FALSE,TRUE
02HC042,FALSE,FALSE
02HC043,FALSE,FALSE
02HC044,FALSE,FALSE
02HC045,FALSE,FALSE
02HC046,FALSE,FALSE
02HC047,FALSE,FALSE
02HC048,FALSE,FALSE
02HC049,FALSE,FALSE
02HC050,FALSE,TRUE
02HC051,FALSE,FALSE
02HC053,FALSE,FALSE
02HC054,FALSE,FALSE
02HC055,FALSE,FALSE
02HC056,FALSE,FALSE
02HC057,FALSE,FALSE
02HC058,FALSE,FALSE
02HC059,FALSE,FALSE
02HC060,FALSE,
02HC103,FALSE,FALSE
02HC104,FALSE,FALSE
02HC105,FALSE,FALSE
02HC106,FALSE,FALSE
02HC114,FALSE,FALSE
02HD001,FALSE,FALSE
02HD002,FALSE,FALSE
02HD003,FALSE,TRUE
02HD004,FALSE,TRUE
02HD006,FALSE,FALSE
02HD007,FALSE,FALSE
02HD008,FALSE,FALSE
02HD009,FALSE,FALSE
02HD010,FALSE,TRUE
02HD012,FALSE,FALSE
02HD013,FALSE,FALSE
02HD014,FALSE,FALSE
02HD015,FALSE,FALSE
02HD018,FALSE,FALSE
02HD019,FALSE,FALSE
02HD020,FALSE,FALSE
02HD021,FALSE,FALSE
02HD022,FALSE,FALSE
02HD023,FALSE,FALSE
02HD024,FALSE,FALSE
02HE001,FALSE,FALSE
02HE002,FALSE,TRUE
02HE003,FALSE,FALSE
02HE004,FALSE,FALSE
02HF002,FALSE,TRUE
02HF003,FALSE,TRUE
02HF004,FALSE,FALSE
02HF005,FALSE,
02HG001,FALSE,FALSE
02HG002,FALSE,TRUE
02HG003,FALSE,FALSE
02HG006,FALSE,
02HH001,FALSE,TRUE
02HH002,FALSE,TRUE
02HH003,FALSE,FALSE
02HH004,FALSE,TRUE
02HH005,FALSE,
02HH006,FALSE,
02HJ001,FALSE,FALSE
02HJ002,FALSE,TRUE
02HJ003,FALSE,TRUE
02HJ005,FALSE,FALSE
02HJ006,FALSE,FALSE
02HJ007,FALSE,TRUE
02HJ008,FALSE,TRUE
02HJ009,FALSE,TRUE
02HJ010,FALSE,
02HJ011,FALSE,
02HJ012,FALSE,
02HK002,FALSE,TRUE
02HK003,FALSE,TRUE
02HK004,FALSE,TRUE
02HK005,FALSE,TRUE
02HK006,FALSE,TRUE
02HK007,FALSE,FALSE
02HK008,FALSE,FALSE
02HK009,FALSE,TRUE
02HK010,FALSE,TRUE
02HK011,FALSE,TRUE
02HK012,FALSE,TRUE
02HK014,FALSE,TRUE
02HK015,FALSE,FALSE
02HK016,FALSE,FALSE
02HK017,FALSE,FALSE
02HK018,FALSE,TRUE
02HK019,FALSE,TRUE
02HK802,FALSE,TRUE
02HK902,FALSE,TRUE
02HL001,FALSE,TRUE
02HL003,FALSE,FALSE
02HL004,TRUE,FALSE
02HL005,FALSE,FALSE
02HL006,FALSE,FALSE
02HL007,FALSE,TRUE
02HL008,FALSE,FALSE
02HL101,FALSE,TRUE
02HL102,FALSE,FALSE
02HL103,FALSE,FALSE
02HL104,FALSE,TRUE
02HM001,FALSE,TRUE
02HM002,FALSE,TRUE
02HM003,FALSE,TRUE
02HM004,FALSE,FALSE
02HM005,FALSE,FALSE
02HM006,FALSE,TRUE
02HM007,FALSE,TRUE
02HM008,FALSE,FALSE
02HM009,FALSE,FALSE
02HM010,FALSE,FALSE
02HM011,FALSE,FALSE
02JA001,FALSE,TRUE
02JA003,FALSE,TRUE
02JA005,FALSE,TRUE
02JA006,FALSE,
02JB001,FALSE,TRUE
02JB002,FALSE,FALSE
02JB003,FALSE,FALSE
02JB004,FALSE,FALSE
02JB005,FALSE,TRUE
02JB006,FALSE,TRUE
02JB008,FALSE,TRUE
02JB009,FALSE,TRUE
02JB010,FALSE,TRUE
02JB011,FALSE,FALSE
02JB012,FALSE,FALSE
02JB013,FALSE,FALSE
02JB017,FALSE,FALSE
02JB021,FALSE,TRUE
02JB022,FALSE,TRUE
02JB023,FALSE,TRUE
02JC001,FALSE,TRUE
02JC003,FALSE,TRUE
02JC007,FALSE,FALSE
02JC008,TRUE,FALSE
02JC009,FALSE,FALSE
02JC010,FALSE,TRUE
02JD002,FALSE,TRUE
02JD004,FALSE,TRUE
02JD005,FALSE,TRUE
02JD006,FALSE,TRUE
02JD008,FALSE,TRUE
02JD009,FALSE,TRUE
02JD010,FALSE,TRUE
02JD011,FALSE,TRUE
02JD012,FALSE,TRUE
02JD013,FALSE,TRUE
02JD014,FALSE,TRUE
02JE001,FALSE,TRUE
02JE002,FALSE,FALSE
02JE003,FALSE,TRUE
02JE005,FALSE,TRUE
02JE008,FALSE,TRUE
02JE011,FALSE,TRUE
02JE012,FALSE,TRUE
02JE013,FALSE,TRUE
02JE014,FALSE,FALSE
02JE015,FALSE,FALSE
02JE016,FALSE,TRUE
02JE017,FALSE,FALSE
02JE018,FALSE,FALSE
02JE019,FALSE,TRUE
02JE020,FALSE,TRUE
02JE021,FALSE,TRUE
02JE022,FALSE,TRUE
02JE023,FALSE,FALSE
02JE024,FALSE,TRUE
02JE025,FALSE,TRUE
02JE026,FALSE,FALSE
02JE027,FALSE,FALSE
02JE028,FALSE,TRUE
02JE029,FALSE,
02JE030,FALSE,
02JE031,FALSE,TRUE
02JE032,FALSE,TRUE
02KA002,FALSE,TRUE
02KA003,FALSE,FALSE
02KA004,FALSE,FALSE
02KA005,FALSE,FALSE
02KA006,FALSE,FALSE
02KA007,FALSE,FALSE
02KA008,FALSE,FALSE
02KA009,FALSE,
02KA010,FALSE,
02KA011,FALSE,TRUE
02KA012,FALSE,TRUE
02KA013,FALSE,TRUE
02KA014,FALSE,TRUE
02KA015,FALSE,FALSE
02KB001,FALSE,TRUE
02KC001,FALSE,TRUE
02KC002,FALSE,TRUE
02KC003,FALSE,TRUE
02KC005,FALSE,TRUE
02KC009,FALSE,TRUE
02KC010,FALSE,TRUE
02KC011,FALSE,TRUE
02KC012,FALSE,TRUE
02KC013,FALSE,TRUE
02KC014,FALSE,FALSE
02KC015,FALSE,FALSE
02KC016,FALSE,TRUE
02KC017,FALSE,TRUE
02KC018,FALSE,FALSE
02KD001,FALSE,TRUE
02KD002,FALSE,FALSE
02KD004,FALSE,TRUE
02KD006,FALSE,TRUE
02KD007,FALSE,TRUE
02KD008,FALSE,TRUE
02KD009,FALSE,TRUE
02KE002,FALSE,TRUE
02KE003,FALSE,TRUE
02KE004,FALSE,TRUE
02KE005,FALSE,TRUE
02KF001,FALSE,TRUE
02KF002,FALSE,TRUE
02KF003,FALSE,TRUE
02KF004,FALSE,TRUE
02KF005,FALSE,TRUE
02KF006,FALSE,TRUE
02KF007,FALSE,TRUE
02KF009,FALSE,TRUE
02KF010,FALSE,TRUE
02KF011,FALSE,FALSE
02KF012,FALSE,TRUE
02KF013,FALSE,TRUE
02KF014,FALSE,TRUE
02KF015,FALSE,FALSE
02KF016,FALSE,FALSE
02KF017,FALSE,FALSE
02KF018,FALSE,TRUE
02KF019,FALSE,TRUE
02KF020,FALSE,FALSE
02KG001,FALSE,TRUE
02KG003,FALSE,TRUE
02KG005,FALSE,TRUE
02KH001,FALSE,TRUE
02KH002,FALSE,TRUE
02KH003,FALSE,TRUE
02KH004,FALSE,TRUE
02KJ003,FALSE,FALSE
02KJ004,FALSE,TRUE
02KJ007,FALSE,FALSE
02LA001,FALSE,TRUE
02LA003,FALSE,TRUE
02LA004,FALSE,TRUE
02LA005,FALSE,TRUE
02LA006,FALSE,TRUE
02LA007,FALSE,FALSE
02LA008,FALSE,FALSE
02LA009,FALSE,TRUE
02LA010,FALSE,TRUE
02LA011,FALSE,TRUE
02LA012,FALSE,TRUE
02LA013,FALSE,FALSE
02LA014,FALSE,TRUE
02LA015,FALSE,FALSE
02LA016,FALSE,TRUE
02LA017,FALSE,TRUE
02LA018,FALSE,TRUE
02LA019,FALSE,TRUE
02LA024,FALSE,TRUE
02LA026,FALSE,FALSE
02LA027,FALSE,
02LA028,FALSE,TRUE
02LA029,FALSE,
02LB001,FALSE,TRUE
02LB005,FALSE,FALSE
02LB006,FALSE,FALSE
02LB007,TRUE,FALSE
02LB008,FALSE,FALSE
02LB009,FALSE,TRUE
02LB010,FALSE,TRUE
02LB012,FALSE,FALSE
02LB013,FALSE,TRUE
02LB014,FALSE,TRUE
02LB015,FALSE,TRUE
02LB016,FALSE,FALSE
02LB017,FALSE,FALSE
02LB018,FALSE,FALSE
02LB019,FALSE,FALSE
02LB020,FALSE,FALSE
02LB021,FALSE,FALSE
02LB022,FALSE,FALSE
02LB024,FALSE,TRUE
02LB025,FALSE,TRUE
02LB026,FALSE,TRUE
02LB027,FALSE,FALSE
02LB028,FALSE,FALSE
02LB029,FALSE,TRUE
02LB030,FALSE,TRUE
02LB031,FALSE,FALSE
02LB032,FALSE,FALSE
02LB033,FALSE,FALSE
02LB035,FALSE,TRUE
02LB036,FALSE,FALSE
02LB101,FALSE,FALSE
02LC001,FALSE,TRUE
02LC002,FALSE,TRUE
02LC003,FALSE,TRUE
02LC004,FALSE,TRUE
02LC005,FALSE,TRUE
02LC006,FALSE,TRUE
02LC007,FALSE,TRUE
02LC008,FALSE,TRUE
02LC009,FALSE,TRUE
02LC010,FALSE,TRUE
02LC011,FALSE,TRUE
02LC012,FALSE,TRUE
02LC013,FALSE,TRUE
02LC014,FALSE,TRUE
02LC015,FALSE,TRUE
02LC016,FALSE,TRUE
02LC017,FALSE,TRUE
02LC019,FALSE,FALSE
02LC020,FALSE,FALSE
02LC021,FALSE,TRUE
02LC022,FALSE,TRUE
02LC023,FALSE,TRUE
02LC024,FALSE,FALSE
02LC025,FALSE,FALSE
02LC026,FALSE,TRUE
02LC027,TRUE,FALSE
02LC028,FALSE,TRUE
02LC029,FALSE,TRUE
02LC031,FALSE,TRUE
02LC032,FALSE,TRUE
02LC033,FALSE,TRUE
02LC034,FALSE,TRUE
02LC035,FALSE,TRUE
02LC038,FALSE,TRUE
02LC039,FALSE,FALSE
02LC040,FALSE,TRUE
02LC042,FALSE,FALSE
02LC043,TRUE,FALSE
02LC062,FALSE,FALSE
02LC064,FALSE,TRUE
02LC066,FALSE,TRUE
02LC067,FALSE,TRUE
02LC068,FALSE,TRUE
02LC069,FALSE,FALSE
02LC070,FALSE,TRUE
02LC073,FALSE,
02LD001,FALSE,FALSE
02LD002,FALSE,FALSE
02LD004,FALSE,FALSE
02LD005,FALSE,FALSE
02LD006,FALSE,FALSE
02LD007,FALSE,FALSE
02LD008,FALSE,TRUE
02LD011,FALSE,FALSE
02LD012,FALSE,TRUE
02LE001,FALSE,TRUE
02LE003,FALSE,TRUE
02LE006,FALSE,TRUE
02LE008,FALSE,TRUE
02LE011,FALSE,TRUE
02LE013,FALSE,TRUE
02LE014,FALSE,TRUE
02LE015,FALSE,TRUE
02LE016,FALSE,TRUE
02LE017,FALSE,TRUE
02LE018,FALSE,TRUE
02LE019,FALSE,TRUE
02LE020,FALSE,TRUE
02LE021,FALSE,TRUE
02LE022,FALSE,TRUE
02LE023,FALSE,TRUE
02LE024,FALSE,TRUE
02LE025,FALSE,TRUE
02LF001,FALSE,TRUE
02LF002,FALSE,TRUE
02LF003,FALSE,TRUE
02LF004,FALSE,TRUE
02LF016,FALSE,TRUE
02LG002,FALSE,TRUE
02LG003,FALSE,TRUE
02LG005,TRUE,FALSE
02LG006,FALSE,TRUE
02LG007,FALSE,TRUE
02LH001,FALSE,TRUE
02LH002,FALSE,FALSE
02LH003,FALSE,FALSE
02LH004,FALSE,FALSE
02LH006,FALSE,TRUE
02LH007,FALSE,TRUE
02LH008,FALSE,TRUE
02LH009,FALSE,TRUE
02LH011,FALSE,TRUE
02LH012,FALSE,FALSE
02LH013,FALSE,FALSE
02LH019,FALSE,TRUE
02LH029,FALSE,TRUE
02LH030,FALSE,TRUE
02LH032,FALSE,FALSE
02LH033,FALSE,
02MA001,FALSE,FALSE
02MA002,FALSE,TRUE
02MA004,FALSE,TRUE
02MA005,FALSE,TRUE
02MA006,FALSE,TRUE
02MA008,FALSE,TRUE
02MB003,FALSE,
02MB005,FALSE,TRUE
02MB006,FALSE,FALSE
02MB007,FALSE,FALSE
02MB008,FALSE,TRUE
02MB009,FALSE,FALSE
02MB010,FALSE,FALSE
02MC001,FALSE,FALSE
02MC002,FALSE,TRUE
02MC005,FALSE,TRUE
02MC007,FALSE,TRUE
02MC009,FALSE,TRUE
02MC010,FALSE,TRUE
02MC016,FALSE,TRUE
02MC017,FALSE,TRUE
02MC018,FALSE,TRUE
02MC019,FALSE,TRUE
02MC020,FALSE,TRUE
02MC021,FALSE,TRUE
02MC022,FALSE,TRUE
02MC023,FALSE,TRUE
02MC024,FALSE,FALSE
02MC025,FALSE,FALSE
02MC026,FALSE,FALSE
02MC027,FALSE,FALSE
02MC028,FALSE,FALSE
02MC029,FALSE,TRUE
02MC030,FALSE,FALSE
02MC036,FALSE,FALSE
02MC037,FALSE,TRUE
02NA001,FALSE,TRUE
02NA003,FALSE,TRUE
02NB001,FALSE,TRUE
02NB002,FALSE,TRUE
02NB003,FALSE,TRUE
02NB004,FALSE,TRUE
02NB005,FALSE,TRUE
02NB006,FALSE,TRUE
02NC001,FALSE,TRUE
02NC002,FALSE,TRUE
02NC003,FALSE,TRUE
02ND001,FALSE,TRUE
02ND002,FALSE,TRUE
02ND003,FALSE,TRUE
02NE001,FALSE,TRUE
02NE002,FALSE,TRUE
02NE003,FALSE,TRUE
02NE007,FALSE,FALSE
02NE009,FALSE,TRUE
02NE011,TRUE,FALSE
02NF001,FALSE,TRUE
02NF002,FALSE,TRUE
02NF003,TRUE,FALSE
02NF004,FALSE,FALSE
02NF005,FALSE,TRUE
02NG001,FALSE,TRUE
02NG002,FALSE,TRUE
02NG004,FALSE,TRUE
02NG005,FALSE,TRUE
02NG006,FALSE,TRUE
02NG009,FALSE,TRUE
02NG012,FALSE,TRUE
02NG014,FALSE,TRUE
02NG017,FALSE,FALSE
02NG019,FALSE,
02OA001,FALSE,TRUE
02OA002,FALSE,TRUE
02OA003,FALSE,TRUE
02OA004,FALSE,TRUE
02OA006,FALSE,TRUE
02OA012,FALSE,TRUE
02OA013,FALSE,TRUE
02OA015,FALSE,TRUE
02OA016,FALSE,TRUE
02OA017,FALSE,TRUE
02OA018,FALSE,TRUE
02OA019,FALSE,TRUE
02OA020,FALSE,TRUE
02OA021,FALSE,TRUE
02OA024,FALSE,TRUE
02OA025,FALSE,FALSE
02OA026,FALSE,TRUE
02OA028,FALSE,FALSE
02OA030,FALSE,FALSE
02OA031,FALSE,TRUE
02OA032,FALSE,FALSE
02OA033,FALSE,TRUE
02OA034,FALSE,TRUE
02OA035,FALSE,FALSE
02OA036,FALSE,TRUE
02OA038,FALSE,TRUE
02OA039,FALSE,TRUE
02OA040,FALSE,TRUE
02OA041,FALSE,TRUE
02OA043,FALSE,TRUE
02OA044,FALSE,TRUE
02OA045,FALSE,TRUE
02OA046,FALSE,TRUE
02OA047,FALSE,TRUE
02OA048,FALSE,TRUE
02OA049,FALSE,TRUE
02OA050,FALSE,TRUE
02OA054,FALSE,TRUE
02OA055,FALSE,FALSE
02OA056,FALSE,FALSE
02OA057,FALSE,FALSE
02OA059,FALSE,FALSE
02OA060,FALSE,FALSE
02OA061,FALSE,FALSE
02OA062,FALSE,FALSE
02OA065,FALSE,TRUE
02OA069,FALSE,TRUE
02OA072,FALSE,TRUE
02OA075,FALSE,TRUE
02OA076,FALSE,TRUE
02OA078,FALSE,FALSE
02OA079,FALSE,FALSE
02OA080,FALSE,FALSE
02OA081,FALSE,FALSE
02OA082,FALSE,FALSE
02OA083,FALSE,FALSE
02OA085,FALSE,FALSE
02OA087,FALSE,FALSE
02OA088,FALSE,TRUE
02OA090,FALSE,FALSE
02OA091,FALSE,FALSE
02OA092,FALSE,FALSE
02OA094,FALSE,
02OA095,FALSE,
02OA096,FALSE,TRUE
02OA102,FALSE,TRUE
02OA105,FALSE,
02OA107,FALSE,TRUE
02OA108,FALSE,
02OA109,FALSE,
02OA110,FALSE,
02OA111,FALSE,
02OB001,FALSE,TRUE
02OB002,FALSE,TRUE
02OB003,FALSE,TRUE
02OB004,FALSE,TRUE
02OB006,FALSE,TRUE
02OB007,FALSE,TRUE
02OB008,FALSE,TRUE
02OB009,FALSE,TRUE
02OB010,FALSE,TRUE
02OB011,FALSE,TRUE
02OB012,FALSE,TRUE
02OB013,FALSE,TRUE
02OB014,FALSE,TRUE
02OB016,FALSE,TRUE
02OB017,FALSE,TRUE
02OB018,FALSE,TRUE
02OB019,FALSE,TRUE
02OB020,FALSE,
02OB028,FALSE,TRUE
02OB032,FALSE,FALSE
02OB033,FALSE,FALSE
02OB034,FALSE,FALSE
02OB035,FALSE,FALSE
02OB036,FALSE,FALSE
02OB037,FALSE,FALSE
02OB038,FALSE,FALSE
02OB039,FALSE,TRUE
02OB040,FALSE,FALSE
02OB045,FALSE,FALSE
02OB046,FALSE,
02OC001,FALSE,TRUE
02OC002,FALSE,TRUE
02OC003,FALSE,TRUE
02OC004,FALSE,TRUE
02OC005,FALSE,TRUE
02OC006,FALSE,TRUE
02OC007,FALSE,TRUE
02OC009,FALSE,TRUE
02OC010,FALSE,TRUE
02OC011,FALSE,TRUE
02OC016,FALSE,TRUE
02OC019,FALSE,FALSE
02OC021,FALSE,TRUE
02OD001,FALSE,TRUE
02OD003,FALSE,FALSE
02OD004,FALSE,FALSE
02OD008,FALSE,TRUE
02OD009,FALSE,TRUE
02OD010,FALSE,TRUE
02OD011,FALSE,FALSE
02OD012,FALSE,TRUE
02OD013,FALSE,FALSE
02OD014,FALSE,FALSE
02OD015,FALSE,FALSE
02OD017,FALSE,FALSE
02OD018,FALSE,FALSE
02OD019,FALSE,FALSE
02OE001,FALSE,TRUE
02OE003,FALSE,TRUE
02OE004,FALSE,TRUE
02OE005,FALSE,TRUE
02OE006,FALSE,TRUE
02OE007,FALSE,TRUE
02OE009,FALSE,TRUE
02OE010,FALSE,TRUE
02OE011,FALSE,TRUE
02OE012,FALSE,TRUE
02OE013,FALSE,FALSE
02OE015,FALSE,TRUE
02OE016,FALSE,TRUE
02OE017,FALSE,TRUE
02OE018,FALSE,FALSE
02OE019,FALSE,TRUE
02OE021,FALSE,TRUE
02OE022,FALSE,TRUE
02OE024,FALSE,TRUE
02OE025,FALSE,TRUE
02OE026,FALSE,FALSE
02OE027,TRUE,FALSE
02OE028,FALSE,TRUE
02OE031,FALSE,FALSE
02OE032,FALSE,FALSE
02OE033,FALSE,FALSE
02OE034,FALSE,FALSE
02OE035,FALSE,FALSE
02OE036,FALSE,FALSE
02OE037,FALSE,FALSE
02OE038,FALSE,FALSE
02OE040,FALSE,TRUE
02OE042,FALSE,FALSE
02OE043,FALSE,TRUE
02OE045,FALSE,TRUE
02OE050,FALSE,FALSE
02OE051,FALSE,FALSE
02OE054,FALSE,FALSE
02OE059,FALSE,TRUE
02OE060,FALSE,TRUE
02OE061,FALSE,FALSE
02OE062,FALSE,TRUE
02OE066,FALSE,TRUE
02OE067,FALSE,FALSE
02OE070,FALSE,TRUE
02OE071,FALSE,TRUE
02OE072,FALSE,
02OE073,FALSE,
02OF001,FALSE,TRUE
02OF002,FALSE,TRUE
02OF003,FALSE,FALSE
02OF004,FALSE,TRUE
02OF006,FALSE,TRUE
02OF008,FALSE,TRUE
02OF009,FALSE,TRUE
02OF010,FALSE,TRUE
02OF014,FALSE,TRUE
02OF015,FALSE,FALSE
02OF019,FALSE,TRUE
02OF020,FALSE,FALSE
02OF021,FALSE,FALSE
02OF023,FALSE,FALSE
02OF027,FALSE,FALSE
02OF028,FALSE,FALSE
02OF029,FALSE,FALSE
02OG001,FALSE,TRUE
02OG002,FALSE,TRUE
02OG005,FALSE,TRUE
02OG006,FALSE,TRUE
02OG007,FALSE,FALSE
02OG009,FALSE,TRUE
02OG010,FALSE,TRUE
02OG011,FALSE,TRUE
02OG012,FALSE,FALSE
02OG014,FALSE,TRUE
02OG016,FALSE,FALSE
02OG017,FALSE,FALSE
02OG018,FALSE,FALSE
02OG019,FALSE,TRUE
02OG020,FALSE,FALSE
02OG021,FALSE,TRUE
02OG022,FALSE,TRUE
02OG023,FALSE,TRUE
02OG024,FALSE,TRUE
02OG026,FALSE,FALSE
02OG030,FALSE,FALSE
02OG031,FALSE,FALSE
02OG032,FALSE,FALSE
02OG033,FALSE,FALSE
02OG034,FALSE,FALSE
02OG035,FALSE,FALSE
02OG036,FALSE,FALSE
02OG037,FALSE,FALSE
02OG038,FALSE,TRUE
02OG039,FALSE,TRUE
02OG040,FALSE,FALSE
02OG041,FALSE,FALSE
02OG042,FALSE,TRUE
02OG043,FALSE,TRUE
02OG044,FALSE,TRUE
02OG045,FALSE,TRUE
02OG046,FALSE,FALSE
02OG047,FALSE,TRUE
02OG048,FALSE,
02OH001,FALSE,FALSE
02OH004,FALSE,FALSE
02OH006,FALSE,FALSE
02OH007,FALSE,TRUE
02OH008,FALSE,FALSE
02OH009,FALSE,FALSE
02OH011,FALSE,
02OH012,FALSE,FALSE
02OH013,FALSE,
02OH014,FALSE,
02OH015,FALSE,
02OJ001,FALSE,FALSE
02OJ003,FALSE,FALSE
02OJ006,FALSE,FALSE
02OJ007,FALSE,FALSE
02OJ012,FALSE,FALSE
02OJ013,FALSE,FALSE
02OJ016,FALSE,FALSE
02OJ018,FALSE,TRUE
02OJ020,FALSE,TRUE
02OJ021,FALSE,TRUE
02OJ022,FALSE,TRUE
02OJ023,FALSE,FALSE
02OJ024,FALSE,FALSE
02OJ026,FALSE,FALSE
02OJ027,FALSE,FALSE
02OJ031,FALSE,FALSE
02OJ032,FALSE,TRUE
02OJ033,FALSE,TRUE
02OJ034,FALSE,TRUE
02PA001,FALSE,TRUE
02PA002,FALSE,TRUE
02PA003,FALSE,TRUE
02PA005,FALSE,TRUE
02PA006,FALSE,FALSE
02PA007,FALSE,FALSE
02PA009,FALSE,FALSE
02PB001,FALSE,TRUE
02PB002,FALSE,TRUE
02PB003,FALSE,FALSE
02PB004,FALSE,FALSE
02PB005,FALSE,FALSE
02PB006,TRUE,FALSE
02PB007,FALSE,FALSE
02PB008,FALSE,FALSE
02PB019,FALSE,TRUE
02PB020,FALSE,TRUE
02PB024,FALSE,FALSE
02PB025,FALSE,FALSE
02PB026,FALSE,TRUE
02PB033,FALSE,FALSE
02PB034,FALSE,FALSE
02PB036,FALSE,FALSE
02PB037,FALSE,TRUE
02PC002,FALSE,TRUE
02PC004,FALSE,TRUE
02PC005,FALSE,TRUE
02PC009,FALSE,FALSE
02PC010,FALSE,TRUE
02PC011,FALSE,TRUE
02PC012,FALSE,TRUE
02PC013,FALSE,TRUE
02PC014,FALSE,FALSE
02PC015,FALSE,FALSE
02PC016,FALSE,FALSE
02PC017,FALSE,FALSE
02PC018,FALSE,FALSE
02PC019,FALSE,FALSE
02PC020,FALSE,
02PD001,FALSE,TRUE
02PD002,FALSE,FALSE
02PD003,FALSE,TRUE
02PD004,FALSE,FALSE
02PD005,FALSE,FALSE
02PD006,FALSE,FALSE
02PD007,FALSE,TRUE
02PD008,FALSE,TRUE
02PD009,FALSE,TRUE
02PD010,FALSE,TRUE
02PD011,FALSE,FALSE
02PD012,TRUE,FALSE
02PD013,FALSE,FALSE
02PD014,FALSE,FALSE
02PD015,FALSE,FALSE
02PD016,FALSE,FALSE
02PD017,FALSE,FALSE
02PD018,FALSE,FALSE
02PD020,FALSE,TRUE
02PD023,FALSE,
02PD024,FALSE,
02PE001,FALSE,TRUE
02PE002,FALSE,FALSE
02PE003,FALSE,TRUE
02PE004,FALSE,TRUE
02PE005,FALSE,FALSE
02PE009,FALSE,FALSE
02PE014,FALSE,FALSE
02PE015,FALSE,FALSE
02PF001,FALSE,TRUE
02PF003,FALSE,TRUE
02PG001,FALSE,TRUE
02PG002,FALSE,TRUE
02PG003,FALSE,TRUE
02PG004,FALSE,FALSE
02PG005,FALSE,FALSE
02PG006,FALSE,FALSE
02PG007,FALSE,FALSE
02PG008,FALSE,TRUE
02PG009,FALSE,TRUE
02PG010,FALSE,TRUE
02PG014,FALSE,FALSE
02PG015,FALSE,FALSE
02PG016,FALSE,FALSE
02PG017,FALSE,TRUE
02PG018,FALSE,TRUE
02PG019,FALSE,FALSE
02PG020,FALSE,TRUE
02PG022,FALSE,FALSE
02PG023,FALSE,
02PG024,FALSE,
02PH001,FALSE,TRUE
02PH002,FALSE,TRUE
02PH003,FALSE,TRUE
02PH004,FALSE,TRUE
02PH007,FALSE,TRUE
02PH009,FALSE,TRUE
02PH010,FALSE,TRUE
02PH011,FALSE,TRUE
02PH012,FALSE,FALSE
02PH014,FALSE,FALSE
02PJ001,FALSE,TRUE
02PJ002,FALSE,TRUE
02PJ003,FALSE,TRUE
02PJ004,FALSE,TRUE
02PJ005,FALSE,TRUE
02PJ006,FALSE,TRUE
02PJ007,TRUE,FALSE
02PJ008,FALSE,FALSE
02PJ011,FALSE,FALSE
02PJ012,FALSE,TRUE
02PJ013,FALSE,FALSE
02PJ014,FALSE,TRUE
02PJ015,FALSE,TRUE
02PJ017,FALSE,FALSE
02PJ018,FALSE,TRUE
02PJ020,FALSE,FALSE
02PJ021,FALSE,FALSE
02PJ022,FALSE,FALSE
02PJ023,FALSE,FALSE
02PJ025,FALSE,FALSE
02PJ026,FALSE,FALSE
02PJ027,FALSE,FALSE
02PJ028,FALSE,FALSE
02PJ029,FALSE,FALSE
02PJ030,FALSE,FALSE
02PJ031,FALSE,FALSE
02PJ033,FALSE,FALSE
02PJ034,FALSE,FALSE
02PJ035,FALSE,FALSE
02PJ036,FALSE,FALSE
02PJ037,FALSE,FALSE
02PJ038,FALSE,FALSE
02PJ039,FALSE,FALSE
02PJ040,FALSE,FALSE
02PK003,FALSE,FALSE
02PK004,FALSE,FALSE
02PK005,FALSE,FALSE
02PK006,FALSE,FALSE
02PK007,FALSE,FALSE
02PK008,FALSE,FALSE
02PK009,FALSE,FALSE
02PL001,FALSE,FALSE
02PL005,FALSE,FALSE
02PL007,FALSE,FALSE
02PL009,FALSE,FALSE
02PL010,FALSE,TRUE
02PL011,FALSE,FALSE
02PL012,FALSE,FALSE
02PL013,FALSE,FALSE
02PL015,FALSE,
02PL016,FALSE,
02QA001,FALSE,TRUE
02QA002,TRUE,FALSE
02QA003,FALSE,TRUE
02QA004,FALSE,TRUE
02QA005,FALSE,TRUE
02QA006,FALSE,TRUE
02QA007,FALSE,TRUE
02QA010,FALSE,TRUE
02QA011,FALSE,FALSE
02QA016,FALSE,TRUE
02QA017,FALSE,FALSE
02QA026,FALSE,FALSE
02QA036,FALSE,FALSE
02QB001,FALSE,TRUE
02QB003,FALSE,TRUE
02QB004,FALSE,TRUE
02QB005,FALSE,TRUE
02QB007,FALSE,TRUE
02QB008,FALSE,TRUE
02QB009,FALSE,TRUE
02QB010,FALSE,TRUE
02QB011,FALSE,FALSE
02QB016,FALSE,TRUE
02QB018,FALSE,
02QC001,FALSE,FALSE
02QC002,FALSE,FALSE
02QC003,FALSE,FALSE
02QC004,FALSE,FALSE
02QC007,FALSE,FALSE
02QC008,FALSE,FALSE
02QC009,FALSE,FALSE
02QC010,FALSE,FALSE
02QC011,FALSE,FALSE
02QC012,FALSE,FALSE
02QC013,FALSE,FALSE
02QC014,FALSE,FALSE
02QC017,FALSE,FALSE
02RA001,FALSE,TRUE
02RB001,FALSE,TRUE
02RB003,FALSE,TRUE
02RB004,FALSE,FALSE
02RC002,FALSE,TRUE
02RC003,FALSE,TRUE
02RC005,FALSE,TRUE
02RC007,FALSE,TRUE
02RC008,FALSE,TRUE
02RC009,FALSE,TRUE
02RC010,FALSE,FALSE
02RC011,FALSE,FALSE
02RD002,FALSE,FALSE
02RD003,FALSE,FALSE
02RD006,FALSE,FALSE
02RD007,FALSE,FALSE
02RE001,FALSE,FALSE
02RE002,FALSE,FALSE
02RE003,FALSE,TRUE
02RE004,FALSE,TRUE
02RE006,FALSE,TRUE
02RF001,TRUE,FALSE
02RF002,FALSE,FALSE
02RF006,FALSE,FALSE
02RF009,FALSE,FALSE
02RF010,FALSE,
02RG002,FALSE,TRUE
02RG003,FALSE,TRUE
02RG005,TRUE,FALSE
02RG006,FALSE,TRUE
02RG007,FALSE,TRUE
02RG008,FALSE,TRUE
02RG009,FALSE,TRUE
02RG010,FALSE,TRUE
02RG011,FALSE,FALSE
02RG012,FALSE,FALSE
02RG013,FALSE,TRUE
02RG014,FALSE,FALSE
02RG015,FALSE,FALSE
02RG016,FALSE,FALSE
02RG018,FALSE,FALSE
02RG019,FALSE,FALSE
02RG020,FALSE,TRUE
02RH001,FALSE,TRUE
02RH002,FALSE,TRUE
02RH003,FALSE,TRUE
02RH004,FALSE,TRUE
02RH005,FALSE,TRUE
02RH006,FALSE,TRUE
02RH008,FALSE,TRUE
02RH011,FALSE,TRUE
02RH012,FALSE,TRUE
02RH014,FALSE,TRUE
02RH015,FALSE,TRUE
02RH017,FALSE,TRUE
02RH018,FALSE,TRUE
02RH019,FALSE,TRUE
02RH020,FALSE,TRUE
02RH023,FALSE,TRUE
02RH027,FALSE,FALSE
02RH028,FALSE,TRUE
02RH029,FALSE,TRUE
02RH034,FALSE,FALSE
02RH035,FALSE,FALSE
02RH045,FALSE,FALSE
02RH046,FALSE,FALSE
02RH047,FALSE,FALSE
02RH048,FALSE,FALSE
02RH049,FALSE,FALSE
02RH052,FALSE,FALSE
02RH053,FALSE,FALSE
02RH054,FALSE,FALSE
02RH056,FALSE,FALSE
02RH057,FALSE,FALSE
02RH059,FALSE,FALSE
02RH061,FALSE,TRUE
02RH062,FALSE,TRUE
02RH063,FALSE,TRUE
02RH065,FALSE,FALSE
02RH066,FALSE,FALSE
02RH067,FALSE,FALSE
02RH068,FALSE,
02RH069,FALSE,
02RH070,FALSE,
02RH071,FALSE,FALSE
02RH072,FALSE,TRUE
02RH073,FALSE,FALSE
02SB001,FALSE,TRUE
02SB002,FALSE,TRUE
02SB003,FALSE,TRUE
02SB004,FALSE,TRUE
02SB005,FALSE,TRUE
02SB006,FALSE,TRUE
02SC001,FALSE,TRUE
02SC002,FALSE,FALSE
02SC003,FALSE,FALSE
02SC004,FALSE,FALSE
02SC005,FALSE,TRUE
02TB001,FALSE,TRUE
02TC001,FALSE,TRUE
02TC002,FALSE,TRUE
02TC003,FALSE,TRUE
02TC004,FALSE,TRUE
02TE001,FALSE,TRUE
02TE002,FALSE,TRUE
02TE003,FALSE,TRUE
02UA001,FALSE,TRUE
02UA003,FALSE,FALSE
02UA006,FALSE,TRUE
02UB001,FALSE,TRUE
02UB002,FALSE,TRUE
02UC002,TRUE,FALSE
02UC003,FALSE,FALSE
02UC004,FALSE,FALSE
02UC005,FALSE,FALSE
02UC006,FALSE,FALSE
02UC007,FALSE,FALSE
02VA001,FALSE,FALSE
02VA002,FALSE,FALSE
02VA003,FALSE,FALSE
02VB001,FALSE,FALSE
02VB003,FALSE,FALSE
02VB004,FALSE,FALSE
02VC001,FALSE,FALSE
02VC002,FALSE,FALSE
02VC003,FALSE,FALSE
02WA001,FALSE,FALSE
02WA002,FALSE,FALSE
02WA003,FALSE,FALSE
02WB001,FALSE,FALSE
02WB002,FALSE,FALSE
02WB003,TRUE,FALSE
02WC001,FALSE,FALSE
02WC002,FALSE,FALSE
02WD001,FALSE,FALSE
02WD002,FALSE,FALSE
02WD003,FALSE,FALSE
02XA003,FALSE,FALSE
02XA004,FALSE,FALSE
02XA006,FALSE,FALSE
02XA007,FALSE,FALSE
02XA008,FALSE,FALSE
02XB001,FALSE,FALSE
02XB002,FALSE,FALSE
02XC001,TRUE,FALSE
02XD001,FALSE,FALSE
02XD002,FALSE,FALSE
02YA001,FALSE,FALSE
02YA002,FALSE,FALSE
02YC001,TRUE,FALSE
02YD001,FALSE,FALSE
02YD002,FALSE,FALSE
02YE001,FALSE,FALSE
02YF001,FALSE,FALSE
02YF002,FALSE,TRUE
02YG001,FALSE,FALSE
02YG002,FALSE,FALSE
02YH001,FALSE,FALSE
02YJ001,TRUE,FALSE
02YJ002,FALSE,TRUE
02YJ003,FALSE,FALSE
02YK001,FALSE,TRUE
02YK002,FALSE,FALSE
02YK003,FALSE,FALSE
02YK004,FALSE,FALSE
02YK005,FALSE,FALSE
02YK006,FALSE,TRUE
02YK007,FALSE,FALSE
02YK008,FALSE,FALSE
02YK009,FALSE,TRUE
02YK010,FALSE,TRUE
02YL001,TRUE,FALSE
02YL002,FALSE,TRUE
02YL003,FALSE,TRUE
02YL004,FALSE,FALSE
02YL005,FALSE,FALSE
02YL006,FALSE,TRUE
02YL007,FALSE,TRUE
02YL008,FALSE,FALSE
02YL009,FALSE,TRUE
02YL010,FALSE,FALSE
02YL011,FALSE,FALSE
02YL012,FALSE,FALSE
02YM001,FALSE,FALSE
02YM002,FALSE,FALSE
02YM003,TRUE,FALSE
02YM004,FALSE,FALSE
02YN001,FALSE,TRUE
02YN002,FALSE,FALSE
02YN003,FALSE,FALSE
02YN004,FALSE,FALSE
02YN005,FALSE,TRUE
02YO001,FALSE,TRUE
02YO002,FALSE,FALSE
02YO003,FALSE,TRUE
02YO004,FALSE,TRUE
02YO005,FALSE,TRUE
02YO006,FALSE,FALSE
02YO007,FALSE,FALSE
02YO008,FALSE,FALSE
02YO009,FALSE,FALSE
02YO010,FALSE,FALSE
02YO011,FALSE,TRUE
02YO012,FALSE,FALSE
02YO013,FALSE,TRUE
02YO014,FALSE,FALSE
02YO015,FALSE,FALSE
02YO016,FALSE,TRUE
02YO017,FALSE,FALSE
02YO018,FALSE,TRUE
02YO019,FALSE,FALSE
02YP001,FALSE,FALSE
02YQ001,TRUE,FALSE
02YQ002,FALSE,FALSE
02YQ003,FALSE,FALSE
02YQ004,FALSE,FALSE
02YQ005,FALSE,FALSE
02YQ006,FALSE,FALSE
02YR001,TRUE,FALSE
02YR002,FALSE,FALSE
02YR003,FALSE,FALSE
02YR004,FALSE,FALSE
02YS001,FALSE,FALSE
02YS002,FALSE,FALSE
02YS003,TRUE,FALSE
02YS004,FALSE,FALSE
02YS005,FALSE,FALSE
02YS006,FALSE,FALSE
02ZA001,FALSE,FALSE
02ZA002,FALSE,FALSE
02ZA003,FALSE,FALSE
02ZB001,TRUE,FALSE
02ZC001,FALSE,FALSE
02ZC002,FALSE,FALSE
02ZC003,FALSE,TRUE
02ZC004,FALSE,TRUE
02ZD001,FALSE,FALSE
02ZD002,FALSE,FALSE
02ZD003,FALSE,TRUE
02ZE001,FALSE,FALSE
02ZE002,FALSE,TRUE
02ZE003,FALSE,TRUE
02ZE004,FALSE,FALSE
02ZE005,FALSE,FALSE
02ZF001,TRUE,FALSE
02ZG001,TRUE,FALSE
02ZG002,FALSE,FALSE
02ZG003,FALSE,FALSE
02ZG004,FALSE,FALSE
02ZG005,FALSE,FALSE
02ZG007,FALSE,FALSE
02ZH001,TRUE,FALSE
02ZH002,TRUE,FALSE
02ZJ001,TRUE,FALSE
02ZJ002,FALSE,FALSE
02ZJ003,FALSE,FALSE
02ZK001,TRUE,FALSE
02ZK002,FALSE,FALSE
02ZK003,FALSE,FALSE
02ZK004,FALSE,FALSE
02ZK005,FALSE,FALSE
02ZK006,FALSE,FALSE
02ZK007,FALSE,FALSE
02ZK008,FALSE,FALSE
02ZL003,FALSE,FALSE
02ZL004,FALSE,FALSE
02ZL005,FALSE,FALSE
02ZM001,FALSE,TRUE
02ZM002,FALSE,TRUE
02ZM003,FALSE,TRUE
02ZM004,FALSE,FALSE
02ZM006,TRUE,FALSE
02ZM007,FALSE,TRUE
02ZM008,FALSE,FALSE
02ZM009,FALSE,FALSE
02ZM010,FALSE,FALSE
02ZM011,FALSE,FALSE
02ZM016,FALSE,FALSE
02ZM017,FALSE,FALSE
02ZM018,FALSE,FALSE
02ZM019,FALSE,FALSE
02ZM020,FALSE,FALSE
02ZM021,FALSE,FALSE
02ZM022,FALSE,TRUE
02ZM023,FALSE,FALSE
02ZM024,FALSE,FALSE
02ZN001,FALSE,FALSE
02ZN002,FALSE,FALSE
03AA002,FALSE,FALSE
03AA003,FALSE,FALSE
03AA004,FALSE,FALSE
03AA005,FALSE,FALSE
03AA006,FALSE,FALSE
03AA007,FALSE,FALSE
03AA008,FALSE,FALSE
03AB001,FALSE,FALSE
03AB002,FALSE,FALSE
03AB003,FALSE,FALSE
03AC001,FALSE,FALSE
03AC002,FALSE,FALSE
03AC004,FALSE,FALSE
03AC005,FALSE,FALSE
03AC006,FALSE,FALSE
03AC007,FALSE,FALSE
03AC008,FALSE,FALSE
03AC009,FALSE,FALSE
03AC010,FALSE,TRUE
03AD001,FALSE,FALSE
03AD002,FALSE,FALSE
03BA001,FALSE,FALSE
03BA003,FALSE,FALSE
03BB001,FALSE,FALSE
03BB002,FALSE,FALSE
03BB003,FALSE,FALSE
03BC001,FALSE,FALSE
03BC002,FALSE,FALSE
03BD001,FALSE,FALSE
03BD002,FALSE,FALSE
03BE001,FALSE,FALSE
03BF001,TRUE,FALSE
03CA001,FALSE,FALSE
03CB001,FALSE,FALSE
03CB002,FALSE,FALSE
03CB003,FALSE,FALSE
03CB004,FALSE,FALSE
03CC001,FALSE,FALSE
03CC002,FALSE,FALSE
03CD001,FALSE,FALSE
03CD002,FALSE,FALSE
03CE001,FALSE,FALSE
03CE002,FALSE,FALSE
03DA001,FALSE,FALSE
03DA002,FALSE,FALSE
03DB001,FALSE,FALSE
03DB002,FALSE,FALSE
03DB003,FALSE,FALSE
03DB004,FALSE,FALSE
03DC001,FALSE,FALSE
03DC002,FALSE,FALSE
03DC003,FALSE,FALSE
03DC004,FALSE,TRUE
03DC005,FALSE,TRUE
03DD001,FALSE,FALSE
03DD002,FALSE,FALSE
03DD003,FALSE,FALSE
03DD004,FALSE,FALSE
03DD005,FALSE,FALSE
03DE001,FALSE,FALSE
03DE002,FALSE,FALSE
03DE003,FALSE,FALSE
03DE004,FALSE,FALSE
03DE005,FALSE,FALSE
03DE006,FALSE,FALSE
03DE007,FALSE,FALSE
03DF001,FALSE,FALSE
03DF002,FALSE,TRUE
03EA001,FALSE,FALSE
03EA002,FALSE,FALSE
03EA004,FALSE,FALSE
03EC001,FALSE,FALSE
03ED001,FALSE,FALSE
03ED002,FALSE,FALSE
03ED003,FALSE,FALSE
03ED004,FALSE,FALSE
03EE001,FALSE,FALSE
03EE003,FALSE,FALSE
03FA002,FALSE,FALSE
03FA003,TRUE,FALSE
03FA004,FALSE,FALSE
03FB001,FALSE,FALSE
03FB002,FALSE,FALSE
03FB004,FALSE,FALSE
03FC001,FALSE,FALSE
03FC002,FALSE,FALSE
03FC003,FALSE,FALSE
03FC005,FALSE,FALSE
03FC006,FALSE,FALSE
03FC007,FALSE,FALSE
03FC008,FALSE,FALSE
03GB001,FALSE,FALSE
03GC001,FALSE,FALSE
03GD001,FALSE,FALSE
03GD002,FALSE,FALSE
03GD003,FALSE,FALSE
03HA001,FALSE,FALSE
03HA002,FALSE,FALSE
03HA003,FALSE,FALSE
03HA004,FALSE,FALSE
03HA007,FALSE,FALSE
03HA009,FALSE,FALSE
03HA010,FALSE,FALSE
03HA011,FALSE,FALSE
03HA012,FALSE,FALSE
03HA015,FALSE,FALSE
03HA016,FALSE,FALSE
03HB001,FALSE,FALSE
03HB002,FALSE,FALSE
03HB003,FALSE,FALSE
03HB004,FALSE,FALSE
03HB005,FALSE,FALSE
03JA001,FALSE,FALSE
03JA002,FALSE,FALSE
03JB001,FALSE,FALSE
03JB002,FALSE,FALSE
03JB004,FALSE,FALSE
03KA001,FALSE,FALSE
03KC002,FALSE,FALSE
03KC003,FALSE,FALSE
03KC004,TRUE,FALSE
03KE001,FALSE,FALSE
03LA001,FALSE,FALSE
03LA002,FALSE,FALSE
03LB003,FALSE,FALSE
03LB005,FALSE,FALSE
03LD004,FALSE,FALSE
03LD006,FALSE,FALSE
03LE002,FALSE,FALSE
03LF002,FALSE,FALSE
03MA002,FALSE,FALSE
03MB001,FALSE,FALSE
03MB002,TRUE,FALSE
03MB003,FALSE,FALSE
03MC001,FALSE,FALSE
03MD001,TRUE,FALSE
03MD002,FALSE,FALSE
03ME002,FALSE,FALSE
03NE001,FALSE,FALSE
03NE002,FALSE,FALSE
03NE003,FALSE,FALSE
03NE004,FALSE,FALSE
03NE005,FALSE,FALSE
03NE006,FALSE,FALSE
03NE007,FALSE,FALSE
03NE008,FALSE,FALSE
03NE009,FALSE,FALSE
03NE010,FALSE,FALSE
03NE011,FALSE,FALSE
03NE012,FALSE,FALSE
03NE013,FALSE,FALSE
03NF001,TRUE,FALSE
03NG001,FALSE,FALSE
03OA001,FALSE,TRUE
03OA002,FALSE,TRUE
03OA003,FALSE,FALSE
03OA004,FALSE,FALSE
03OA005,FALSE,FALSE
03OA006,FALSE,
03OA007,FALSE,FALSE
03OA008,FALSE,FALSE
03OA009,FALSE,
03OA010,FALSE,FALSE
03OA011,FALSE,FALSE
03OA012,FALSE,FALSE
03OA013,FALSE,FALSE
03OA014,FALSE,FALSE
03OA015,FALSE,FALSE
03OA016,FALSE,FALSE
03OA017,FALSE,FALSE
03OB002,FALSE,FALSE
03OB003,FALSE,FALSE
03OB004,FALSE,FALSE
03OB005,FALSE,FALSE
03OB006,FALSE,FALSE
03OB007,FALSE,FALSE
03OB008,FALSE,
03OB009,FALSE,FALSE
03OC002,FALSE,FALSE
03OC003,TRUE,FALSE
03OC004,FALSE,FALSE
03OC005,FALSE,FALSE
03OC006,FALSE,TRUE
03OC007,FALSE,FALSE
03OD001,FALSE,FALSE
03OD002,FALSE,TRUE
03OD003,FALSE,TRUE
03OD004,FALSE,FALSE
03OD005,FALSE,TRUE
03OD006,FALSE,TRUE
03OD007,FALSE,FALSE
03OD008,FALSE,TRUE
03OD009,FALSE,TRUE
03OD010,FALSE,TRUE
03OE001,FALSE,TRUE
03OE002,FALSE,FALSE
03OE003,FALSE,FALSE
03OE004,FALSE,TRUE
03OE005,FALSE,TRUE
03OE006,FALSE,TRUE
03OE007,FALSE,TRUE
03OE008,FALSE,FALSE
03OE009,FALSE,
03OE010,FALSE,FALSE
03OE011,FALSE,FALSE
03OE012,FALSE,TRUE
03OE013,FALSE,TRUE
03OE014,FALSE,TRUE
03OE015,FALSE,TRUE
03OE016,FALSE,TRUE
03OE017,FALSE,FALSE
03OE018,FALSE,FALSE
03OE019,FALSE,FALSE
03PB001,FALSE,FALSE
03PB002,FALSE,FALSE
03PC001,FALSE,TRUE
03PD001,FALSE,TRUE
03PD002,FALSE,TRUE
03QC001,TRUE,FALSE
03QC002,TRUE,FALSE
03QC003,FALSE,FALSE
03QC004,FALSE,
04AA001,FALSE,FALSE
04AA002,FALSE,FALSE
04AA003,FALSE,FALSE
04AA004,FALSE,FALSE
04AB001,FALSE,FALSE
04AB719,FALSE,FALSE
04AC001,FALSE,FALSE
04AC002,FALSE,FALSE
04AC003,FALSE,FALSE
04AC004,FALSE,FALSE
04AC005,FALSE,FALSE
04AC006,FALSE,FALSE
04AC007,FALSE,FALSE
04AC008,FALSE,FALSE
04AD002,TRUE,FALSE
04CA001,FALSE,FALSE
04CA002,FALSE,FALSE
04CA003,FALSE,FALSE
04CA004,FALSE,TRUE
04CA005,FALSE,FALSE
04CB001,FALSE,FALSE
04CC001,FALSE,FALSE
04CC002,FALSE,
04CD001,FALSE,FALSE
04CD002,FALSE,FALSE
04CE001,FALSE,FALSE
04CE002,FALSE,FALSE
04DA001,TRUE,FALSE
04DA002,FALSE,FALSE
04DA003,FALSE,FALSE
04DA004,FALSE,FALSE
04DB001,FALSE,FALSE
04DB002,FALSE,FALSE
04DB003,FALSE,FALSE
04DC001,FALSE,FALSE
04DC002,TRUE,FALSE
04EA001,TRUE,FALSE
04ED001,FALSE,
04FA001,FALSE,FALSE
04FA002,FALSE,FALSE
04FA003,FALSE,FALSE
04FB001,FALSE,FALSE
04FB002,FALSE,FALSE
04FC001,TRUE,FALSE
04FC002,FALSE,
04FC003,FALSE,
04GA001,FALSE,TRUE
04GA002,TRUE,FALSE
04GA003,FALSE,FALSE
04GA004,FALSE,TRUE
04GB001,FALSE,TRUE
04GB002,FALSE,TRUE
04GB003,FALSE,TRUE
04GB004,TRUE,FALSE
04GB005,FALSE,FALSE
04GC001,FALSE,FALSE
04GC002,FALSE,TRUE
04GD001,FALSE,TRUE
04GD002,FALSE,FALSE
04GF001,FALSE,FALSE
04HA001,FALSE,TRUE
04HA002,FALSE,
04HA003,FALSE,FALSE
04JA001,FALSE,FALSE
04JA002,FALSE,FALSE
04JC001,FALSE,FALSE
04JC002,TRUE,FALSE
04JC003,FALSE,FALSE
04JD001,FALSE,TRUE
04JD002,FALSE,TRUE
04JD003,FALSE,TRUE
04JD005,FALSE,FALSE
04JD006,FALSE,TRUE
04JF001,FALSE,FALSE
04JG001,FALSE,TRUE
04KA001,TRUE,FALSE
04KA002,FALSE,FALSE
04LA001,FALSE,TRUE
04LA002,FALSE,TRUE
04LA003,FALSE,FALSE
04LA004,FALSE,FALSE
04LA005,FALSE,TRUE
04LA006,FALSE,FALSE
04LB001,FALSE,TRUE
04LB002,FALSE,FALSE
04LC001,FALSE,TRUE
04LC002,FALSE,FALSE
04LC003,FALSE,TRUE
04LD001,FALSE,TRUE
04LE002,FALSE,FALSE
04LF001,FALSE,TRUE
04LG001,FALSE,TRUE
04LG002,FALSE,TRUE
04LG003,FALSE,TRUE
04LG004,FALSE,TRUE
04LG005,FALSE,TRUE
04LJ001,TRUE,FALSE
04LK001,FALSE,FALSE
04LM001,FALSE,FALSE
04MA001,FALSE,TRUE
04MA003,FALSE,TRUE
04MA004,FALSE,TRUE
04MA005,FALSE,TRUE
04MA006,FALSE,TRUE
04MA007,FALSE,TRUE
04MB002,FALSE,
04MB003,FALSE,TRUE
04MB004,FALSE,TRUE
04MB005,FALSE,TRUE
04MC001,FALSE,TRUE
04MC002,FALSE,TRUE
04MD001,FALSE,TRUE
04MD002,FALSE,TRUE
04MD003,FALSE,TRUE
04MD004,FALSE,FALSE
04MD005,FALSE,FALSE
04ME001,FALSE,TRUE
04ME002,FALSE,TRUE
04ME003,FALSE,TRUE
04ME004,FALSE,TRUE
04ME005,FALSE,TRUE
04MF001,TRUE,FALSE
04NA001,TRUE,FALSE
04NA002,FALSE,FALSE
04NA003,FALSE,FALSE
04NA005,FALSE,
04NB001,FALSE,FALSE
05AA001,FALSE,FALSE
05AA002,FALSE,FALSE
05AA003,FALSE,FALSE
05AA004,FALSE,FALSE
05AA005,FALSE,FALSE
05AA006,FALSE,FALSE
05AA007,FALSE,FALSE
05AA008,TRUE,FALSE
05AA009,FALSE,
05AA010,FALSE,FALSE
05AA011,FALSE,FALSE
05AA013,FALSE,FALSE
05AA014,FALSE,TRUE
05AA015,FALSE,FALSE
05AA016,FALSE,FALSE
05AA021,FALSE,FALSE
05AA022,FALSE,FALSE
05AA023,FALSE,FALSE
05AA024,FALSE,TRUE
05AA025,FALSE,FALSE
05AA026,FALSE,FALSE
05AA027,FALSE,FALSE
05AA028,FALSE,FALSE
05AA029,FALSE,FALSE
05AA030,FALSE,FALSE
05AA032,FALSE,TRUE
05AA033,FALSE,FALSE
05AA034,FALSE,
05AA035,FALSE,FALSE
05AA909,FALSE,FALSE
05AB002,FALSE,TRUE
05AB005,TRUE,FALSE
05AB006,FALSE,FALSE
05AB007,FALSE,TRUE
05AB011,FALSE,TRUE
05AB013,FALSE,FALSE
05AB014,FALSE,FALSE
05AB015,FALSE,FALSE
05AB016,FALSE,TRUE
05AB017,FALSE,TRUE
05AB018,FALSE,TRUE
05AB019,FALSE,TRUE
05AB020,FALSE,TRUE
05AB021,FALSE,TRUE
05AB022,FALSE,FALSE
05AB023,FALSE,FALSE
05AB024,FALSE,FALSE
05AB025,FALSE,FALSE
05AB026,FALSE,FALSE
05AB027,FALSE,FALSE
05AB028,FALSE,FALSE
05AB029,FALSE,FALSE
05AB030,FALSE,FALSE
05AB031,FALSE,TRUE
05AB032,FALSE,TRUE
05AB035,FALSE,FALSE
05AB036,FALSE,FALSE
05AB037,FALSE,TRUE
05AB038,FALSE,FALSE
05AB039,FALSE,TRUE
05AB040,FALSE,FALSE
05AB041,FALSE,TRUE
05AB042,FALSE,TRUE
05AB044,FALSE,TRUE
05AB045,FALSE,TRUE
05AB046,FALSE,
05AC001,FALSE,FALSE
05AC002,FALSE,TRUE
05AC003,FALSE,TRUE
05AC004,FALSE,TRUE
05AC005,FALSE,
05AC006,FALSE,TRUE
05AC009,FALSE,TRUE
05AC010,FALSE,TRUE
05AC011,FALSE,TRUE
05AC012,FALSE,TRUE
05AC013,FALSE,TRUE
05AC014,FALSE,TRUE
05AC015,FALSE,TRUE
05AC016,FALSE,TRUE
05AC017,FALSE,TRUE
05AC022,FALSE,TRUE
05AC023,FALSE,TRUE
05AC024,FALSE,TRUE
05AC025,FALSE,TRUE
05AC026,FALSE,TRUE
05AC027,FALSE,TRUE
05AC028,FALSE,TRUE
05AC029,FALSE,TRUE
05AC030,FALSE,FALSE
05AC031,FALSE,TRUE
05AC032,FALSE,FALSE
05AC033,FALSE,
05AC034,FALSE,
05AC901,FALSE,
05AC902,FALSE,TRUE
05AC909,FALSE,FALSE
05AC911,FALSE,
05AC917,FALSE,TRUE
05AC918,FALSE,TRUE
05AC919,FALSE,TRUE
05AC921,FALSE,TRUE
05AC922,FALSE,TRUE
05AC924,FALSE,FALSE
05AC926,FALSE,FALSE
05AC927,FALSE,FALSE
05AC928,FALSE,FALSE
05AC929,FALSE,
05AC930,FALSE,FALSE
05AC937,FALSE,
05AC938,FALSE,TRUE
05AC939,FALSE,TRUE
05AC940,FALSE,
05AC941,FALSE,TRUE
05AD001,FALSE,FALSE
05AD002,FALSE,TRUE
05AD003,TRUE,FALSE
05AD004,FALSE,FALSE
05AD005,FALSE,TRUE
05AD006,FALSE,FALSE
05AD007,FALSE,TRUE
05AD008,FALSE,TRUE
05AD010,FALSE,TRUE
05AD012,FALSE,FALSE
05AD013,FALSE,TRUE
05AD014,FALSE,FALSE
05AD015,FALSE,
05AD016,FALSE,FALSE
05AD017,FALSE,TRUE
05AD018,FALSE,FALSE
05AD019,FALSE,TRUE
05AD020,FALSE,TRUE
05AD021,FALSE,TRUE
05AD022,FALSE,TRUE
05AD023,FALSE,TRUE
05AD024,FALSE,TRUE
05AD025,FALSE,FALSE
05AD026,FALSE,TRUE
05AD027,FALSE,TRUE
05AD028,FALSE,TRUE
05AD029,FALSE,FALSE
05AD030,FALSE,FALSE
05AD031,FALSE,FALSE
05AD032,FALSE,FALSE
05AD033,FALSE,FALSE
05AD034,FALSE,TRUE
05AD035,FALSE,FALSE
05AD036,FALSE,FALSE
05AD037,FALSE,TRUE
05AD038,FALSE,TRUE
05AD039,FALSE,FALSE
05AD040,FALSE,TRUE
05AD041,FALSE,TRUE
05AD042,FALSE,FALSE
05AD901,FALSE,FALSE
05AD903,FALSE,FALSE
05AD904,FALSE,FALSE
05AD933,FALSE,TRUE
05AD934,FALSE,
05AD940,FALSE,TRUE
05AE002,FALSE,TRUE
05AE003,FALSE,TRUE
05AE004,FALSE,TRUE
05AE005,FALSE,FALSE
05AE006,FALSE,TRUE
05AE007,FALSE,TRUE
05AE008,FALSE,FALSE
05AE009,FALSE,TRUE
05AE010,FALSE,TRUE
05AE011,FALSE,FALSE
05AE012,FALSE,TRUE
05AE014,FALSE,TRUE
05AE015,FALSE,TRUE
05AE016,FALSE,TRUE
05AE017,FALSE,FALSE
05AE020,FALSE,FALSE
05AE021,FALSE,TRUE
05AE022,FALSE,TRUE
05AE023,FALSE,FALSE
05AE024,FALSE,TRUE
05AE025,FALSE,TRUE
05AE026,FALSE,TRUE
05AE027,FALSE,TRUE
05AE028,FALSE,TRUE
05AE029,FALSE,TRUE
05AE030,FALSE,TRUE
05AE031,FALSE,FALSE
05AE032,FALSE,FALSE
05AE033,FALSE,TRUE
05AE034,FALSE,
05AE035,FALSE,
05AE036,FALSE,TRUE
05AE037,FALSE,FALSE
05AE038,FALSE,TRUE
05AE039,FALSE,FALSE
05AE040,FALSE,FALSE
05AE041,FALSE,TRUE
05AE042,FALSE,TRUE
05AE043,FALSE,TRUE
05AE904,FALSE,FALSE
05AE912,FALSE,TRUE
05AF004,FALSE,TRUE
05AF006,FALSE,TRUE
05AF007,FALSE,FALSE
05AF008,FALSE,TRUE
05AF009,FALSE,FALSE
05AF010,FALSE,FALSE
05AF011,FALSE,TRUE
05AF015,FALSE,TRUE
05AF020,FALSE,TRUE
05AF021,FALSE,FALSE
05AF022,FALSE,FALSE
05AF024,FALSE,TRUE
05AF026,FALSE,
05AF027,FALSE,TRUE
05AF028,FALSE,TRUE
05AF029,FALSE,TRUE
05AF030,FALSE,TRUE
05AF031,FALSE,TRUE
05AF032,FALSE,TRUE
05AF034,FALSE,
05AF903,FALSE,TRUE
05AF905,FALSE,TRUE
05AG001,FALSE,TRUE
05AG002,FALSE,TRUE
05AG003,FALSE,TRUE
05AG004,FALSE,TRUE
05AG005,FALSE,TRUE
05AG006,FALSE,TRUE
05AG007,FALSE,TRUE
05AG008,FALSE,TRUE
05AG009,FALSE,TRUE
05AG011,FALSE,TRUE
05AG012,FALSE,TRUE
05AG013,FALSE,TRUE
05AG015,FALSE,TRUE
05AG016,FALSE,TRUE
05AG017,FALSE,TRUE
05AG022,FALSE,TRUE
05AG023,FALSE,TRUE
05AG024,FALSE,FALSE
05AG025,FALSE,TRUE
05AG026,FALSE,TRUE
05AG027,FALSE,TRUE
05AH001,FALSE,TRUE
05AH002,FALSE,TRUE
05AH003,FALSE,TRUE
05AH005,FALSE,TRUE
05AH006,FALSE,FALSE
05AH007,FALSE,FALSE
05AH009,FALSE,FALSE
05AH010,FALSE,FALSE
05AH011,FALSE,TRUE
05AH012,FALSE,FALSE
05AH013,FALSE,FALSE
05AH025,FALSE,TRUE
05AH032,FALSE,TRUE
05AH033,FALSE,FALSE
05AH036,FALSE,FALSE
05AH037,FALSE,FALSE
05AH038,FALSE,FALSE
05AH039,FALSE,FALSE
05AH040,FALSE,TRUE
05AH041,TRUE,FALSE
05AH042,FALSE,TRUE
05AH043,FALSE,TRUE
05AH044,FALSE,TRUE
05AH045,FALSE,TRUE
05AH046,FALSE,TRUE
05AH047,FALSE,FALSE
05AH048,FALSE,TRUE
05AH049,FALSE,TRUE
05AH050,FALSE,FALSE
05AH052,FALSE,TRUE
05AH053,FALSE,TRUE
05AH054,FALSE,
05AH055,FALSE,TRUE
05AH056,FALSE,TRUE
05AH057,FALSE,TRUE
05AH058,FALSE,
05AJ001,FALSE,TRUE
05AJ002,FALSE,TRUE
05AJ003,FALSE,TRUE
05AJ004,FALSE,TRUE
05AK001,FALSE,TRUE
05BA001,FALSE,FALSE
05BA002,FALSE,TRUE
05BA003,FALSE,FALSE
05BA004,FALSE,FALSE
05BA005,FALSE,FALSE
05BA006,FALSE,FALSE
05BA007,FALSE,FALSE
05BA008,FALSE,FALSE
05BA009,FALSE,FALSE
05BA010,FALSE,FALSE
05BA011,FALSE,FALSE
05BB001,TRUE,FALSE
05BB003,FALSE,FALSE
05BB004,FALSE,FALSE
05BB005,FALSE,FALSE
05BC001,FALSE,TRUE
05BC002,FALSE,FALSE
05BC003,FALSE,FALSE
05BC004,FALSE,TRUE
05BC005,FALSE,FALSE
05BC006,FALSE,TRUE
05BC007,FALSE,TRUE
05BC008,FALSE,TRUE
05BD001,FALSE,FALSE
05BD002,FALSE,FALSE
05BD003,FALSE,TRUE
05BD004,FALSE,TRUE
05BD005,FALSE,FALSE
05BE001,FALSE,TRUE
05BE003,FALSE,TRUE
05BE004,FALSE,TRUE
05BE005,FALSE,TRUE
05BE006,FALSE,TRUE
05BE007,FALSE,TRUE
05BE008,FALSE,TRUE
05BE009,FALSE,TRUE
05BE999,FALSE,TRUE
05BF001,FALSE,TRUE
05BF002,FALSE,TRUE
05BF003,FALSE,TRUE
05BF004,FALSE,FALSE
05BF005,FALSE,TRUE
05BF008,FALSE,FALSE
05BF009,FALSE,TRUE
05BF010,FALSE,TRUE
05BF011,FALSE,FALSE
05BF013,FALSE,TRUE
05BF015,FALSE,FALSE
05BF016,FALSE,FALSE
05BF017,FALSE,FALSE
05BF018,FALSE,FALSE
05BF019,FALSE,FALSE
05BF020,FALSE,FALSE
05BF021,FALSE,TRUE
05BF022,FALSE,TRUE
05BF024,FALSE,TRUE
05BF025,FALSE,TRUE
05BG001,FALSE,TRUE
05BG002,FALSE,FALSE
05BG003,FALSE,TRUE
05BG004,FALSE,TRUE
05BG005,FALSE,TRUE
05BG006,FALSE,FALSE
05BG009,FALSE,FALSE
05BG010,FALSE,TRUE
05BH002,FALSE,TRUE
05BH003,FALSE,FALSE
05BH004,FALSE,TRUE
05BH005,FALSE,TRUE
05BH006,FALSE,FALSE
05BH008,FALSE,TRUE
05BH009,FALSE,FALSE
05BH011,FALSE,FALSE
05BH013,FALSE,FALSE
05BH014,FALSE,FALSE
05BH015,FALSE,
05BH016,FALSE,
05BH901,FALSE,FALSE
05BH904,FALSE,FALSE
05BJ001,FALSE,TRUE
05BJ003,FALSE,FALSE
05BJ004,FALSE,FALSE
05BJ005,FALSE,FALSE
05BJ006,FALSE,FALSE
05BJ008,FALSE,TRUE
05BJ009,FALSE,FALSE
05BJ010,FALSE,FALSE
05BJ011,FALSE,FALSE
05BK001,FALSE,FALSE
05BK002,FALSE,FALSE
05BK003,FALSE,
05BL003,FALSE,TRUE
05BL004,FALSE,TRUE
05BL006,FALSE,FALSE
05BL007,FALSE,TRUE
05BL008,FALSE,FALSE
05BL009,FALSE,TRUE
05BL012,FALSE,FALSE
05BL013,FALSE,FALSE
05BL014,FALSE,FALSE
05BL015,FALSE,TRUE
05BL016,FALSE,FALSE
05BL017,FALSE,TRUE
05BL018,FALSE,FALSE
05BL019,FALSE,FALSE
05BL020,FALSE,FALSE
05BL021,FALSE,FALSE
05BL022,TRUE,FALSE
05BL023,TRUE,FALSE
05BL024,FALSE,TRUE
05BL025,FALSE,TRUE
05BL027,FALSE,FALSE
05BM002,FALSE,TRUE
05BM003,FALSE,TRUE
05BM004,FALSE,TRUE
05BM005,FALSE,TRUE
05BM006,FALSE,TRUE
05BM007,FALSE,TRUE
05BM008,FALSE,TRUE
05BM009,FALSE,TRUE
05BM010,FALSE,TRUE
05BM011,FALSE,TRUE
05BM012,FALSE,TRUE
05BM013,FALSE,TRUE
05BM014,TRUE,FALSE
05BM015,FALSE,TRUE
05BM016,FALSE,TRUE
05BM017,FALSE,TRUE
05BM018,FALSE,FALSE
05BM020,FALSE,TRUE
05BM021,FALSE,TRUE
05BM904,FALSE,TRUE
05BN001,FALSE,TRUE
05BN002,FALSE,TRUE
05BN003,FALSE,TRUE
05BN004,FALSE,TRUE
05BN005,FALSE,TRUE
05BN006,FALSE,TRUE
05BN007,FALSE,TRUE
05BN008,FALSE,TRUE
05BN009,FALSE,TRUE
05BN010,FALSE,TRUE
05BN011,FALSE,TRUE
05BN012,FALSE,TRUE
05BN013,FALSE,TRUE
05BN014,FALSE,TRUE
05BN015,FALSE,TRUE
05BN016,FALSE,TRUE
05BN017,FALSE,TRUE
05BN019,FALSE,TRUE
05BN023,FALSE,TRUE
05BN024,FALSE,FALSE
05CA001,FALSE,FALSE
05CA002,FALSE,FALSE
05CA003,FALSE,FALSE
05CA004,FALSE,FALSE
05CA008,FALSE,FALSE
05CA009,TRUE,FALSE
05CA010,FALSE,FALSE
05CA011,FALSE,FALSE
05CA012,FALSE,FALSE
05CB001,FALSE,FALSE
05CB002,FALSE,FALSE
05CB004,FALSE,FALSE
05CB005,FALSE,FALSE
05CB006,FALSE,TRUE
05CB007,FALSE,TRUE
05CC001,FALSE,FALSE
05CC002,FALSE,TRUE
05CC003,FALSE,
05CC004,FALSE,FALSE
05CC006,FALSE,
05CC007,FALSE,FALSE
05CC008,FALSE,FALSE
05CC009,FALSE,FALSE
05CC010,TRUE,FALSE
05CC011,FALSE,FALSE
05CC012,FALSE,FALSE
05CC013,FALSE,FALSE
05CC901,FALSE,TRUE
05CD001,FALSE,FALSE
05CD003,FALSE,
05CD004,FALSE,FALSE
05CD005,FALSE,TRUE
05CD006,FALSE,FALSE
05CD007,FALSE,FALSE
05CD902,FALSE,TRUE
05CD903,FALSE,TRUE
05CD905,FALSE,FALSE
05CD913,FALSE,FALSE
05CE001,FALSE,TRUE
05CE002,FALSE,FALSE
05CE003,FALSE,TRUE
05CE004,FALSE,FALSE
05CE005,FALSE,TRUE
05CE006,FALSE,FALSE
05CE007,FALSE,TRUE
05CE008,FALSE,FALSE
05CE009,FALSE,FALSE
05CE010,FALSE,FALSE
05CE011,FALSE,FALSE
05CE012,FALSE,FALSE
05CE013,FALSE,FALSE
05CE015,FALSE,FALSE
05CE016,FALSE,FALSE
05CE018,FALSE,FALSE
05CE019,FALSE,FALSE
05CE020,FALSE,FALSE
05CE901,FALSE,TRUE
05CF001,FALSE,
05CF002,FALSE,
05CG001,FALSE,FALSE
05CG002,FALSE,TRUE
05CG003,FALSE,TRUE
05CG004,FALSE,FALSE
05CG005,FALSE,FALSE
05CG006,FALSE,FALSE
05CG007,FALSE,TRUE
05CH001,FALSE,FALSE
05CH002,FALSE,TRUE
05CH003,FALSE,FALSE
05CH005,FALSE,TRUE
05CH007,FALSE,TRUE
05CH008,FALSE,TRUE
05CH009,FALSE,FALSE
05CH010,FALSE,TRUE
05CH011,FALSE,TRUE
05CH012,FALSE,TRUE
05CH013,FALSE,TRUE
05CH014,FALSE,TRUE
05CH016,FALSE,TRUE
05CJ001,FALSE,TRUE
05CJ002,FALSE,TRUE
05CJ003,FALSE,TRUE
05CJ004,FALSE,TRUE
05CJ005,FALSE,FALSE
05CJ006,FALSE,TRUE
05CJ007,FALSE,TRUE
05CJ008,FALSE,TRUE
05CJ009,FALSE,FALSE
05CJ010,FALSE,TRUE
05CJ011,FALSE,FALSE
05CJ012,FALSE,TRUE
05CK001,FALSE,FALSE
05CK002,FALSE,TRUE
05CK003,FALSE,FALSE
05CK004,FALSE,TRUE
05CK005,FALSE,FALSE
05CK006,FALSE,TRUE
05CK007,FALSE,FALSE
05DA001,FALSE,FALSE
05DA002,FALSE,FALSE
05DA003,FALSE,FALSE
05DA004,FALSE,TRUE
05DA005,FALSE,FALSE
05DA006,FALSE,FALSE
05DA007,TRUE,FALSE
05DA008,FALSE,FALSE
05DA009,TRUE,FALSE
05DA010,TRUE,FALSE
05DB001,FALSE,FALSE
05DB002,FALSE,FALSE
05DB003,FALSE,FALSE
05DB004,FALSE,FALSE
05DB005,FALSE,FALSE
05DB006,FALSE,FALSE
05DB007,FALSE,
05DC001,FALSE,TRUE
05DC002,FALSE,TRUE
05DC003,FALSE,FALSE
05DC004,FALSE,FALSE
05DC005,FALSE,FALSE
05DC006,FALSE,FALSE
05DC007,FALSE,FALSE
05DC008,FALSE,FALSE
05DC009,FALSE,TRUE
05DC010,FALSE,TRUE
05DC011,FALSE,FALSE
05DC012,FALSE,FALSE
05DD001,FALSE,FALSE
05DD002,FALSE,FALSE
05DD003,FALSE,FALSE
05DD004,TRUE,FALSE
05DD005,FALSE,TRUE
05DD006,FALSE,TRUE
05DD007,FALSE,FALSE
05DD008,FALSE,FALSE
05DD009,FALSE,FALSE
05DE001,FALSE,FALSE
05DE002,FALSE,TRUE
05DE003,FALSE,FALSE
05DE004,FALSE,TRUE
05DE006,FALSE,TRUE
05DE007,TRUE,FALSE
05DE008,FALSE,FALSE
05DE009,FALSE,FALSE
05DE010,FALSE,
05DE011,FALSE,TRUE
05DE911,FALSE,FALSE
05DF001,FALSE,TRUE
05DF002,FALSE,FALSE
05DF003,FALSE,FALSE
05DF004,FALSE,FALSE
05DF006,FALSE,FALSE
05DF007,FALSE,FALSE
05DF008,FALSE,
05DF009,FALSE,FALSE
05EA001,FALSE,FALSE
05EA002,FALSE,FALSE
05EA003,FALSE,FALSE
05EA004,FALSE,FALSE
05EA005,FALSE,FALSE
05EA006,FALSE,
05EA008,FALSE,
05EA009,FALSE,FALSE
05EA010,FALSE,FALSE
05EA011,FALSE,FALSE
05EA012,FALSE,FALSE
05EA013,FALSE,FALSE
05EB001,FALSE,FALSE
05EB002,FALSE,FALSE
05EB003,FALSE,
05EB004,FALSE,
05EB005,FALSE,
05EB006,FALSE,FALSE
05EB007,FALSE,FALSE
05EB008,FALSE,
05EB009,FALSE,
05EB011,FALSE,
05EB012,FALSE,
05EB013,FALSE,
05EB014,FALSE,
05EB015,FALSE,FALSE
05EB016,FALSE,FALSE
05EB902,FALSE,FALSE
05EB909,FALSE,FALSE
05EB910,FALSE,FALSE
05EB911,FALSE,FALSE
05EC001,FALSE,
05EC002,FALSE,FALSE
05EC003,FALSE,FALSE
05EC004,FALSE,FALSE
05EC005,FALSE,FALSE
05EC006,FALSE,FALSE
05EC007,FALSE,FALSE
05ED001,FALSE,FALSE
05ED002,FALSE,FALSE
05ED003,FALSE,FALSE
05EE001,FALSE,FALSE
05EE002,FALSE,TRUE
05EE003,FALSE,FALSE
05EE004,FALSE,TRUE
05EE005,FALSE,FALSE
05EE006,TRUE,FALSE
05EE007,FALSE,TRUE
05EE008,FALSE,FALSE
05EE009,FALSE,FALSE
05EE010,FALSE,TRUE
05EE011,FALSE,TRUE
05EE913,FALSE,FALSE
05EE915,FALSE,FALSE
05EE930,FALSE,FALSE
05EF001,FALSE,TRUE
05EF003,FALSE,TRUE
05EF004,FALSE,FALSE
05EF005,FALSE,FALSE
05EF006,FALSE,FALSE
05EG001,FALSE,TRUE
05EG002,FALSE,FALSE
05EG003,FALSE,TRUE
05EG004,FALSE,FALSE
05EG005,FALSE,TRUE
05EG006,FALSE,FALSE
05EG007,FALSE,TRUE
05EG008,FALSE,FALSE
05EG009,FALSE,TRUE
05EG010,FALSE,
05FA001,FALSE,FALSE
05FA002,FALSE,TRUE
05FA003,FALSE,
05FA004,FALSE,
05FA006,FALSE,
05FA007,FALSE,FALSE
05FA008,FALSE,TRUE
05FA009,FALSE,
05FA010,FALSE,FALSE
05FA011,FALSE,FALSE
05FA012,FALSE,FALSE
05FA013,FALSE,
05FA014,FALSE,FALSE
05FA015,FALSE,FALSE
05FA016,FALSE,TRUE
05FA017,FALSE,FALSE
05FA018,FALSE,FALSE
05FA019,FALSE,FALSE
05FA020,FALSE,TRUE
05FA021,FALSE,FALSE
05FA022,FALSE,FALSE
05FA023,FALSE,FALSE
05FA024,FALSE,FALSE
05FA025,FALSE,FALSE
05FA026,FALSE,
05FA912,FALSE,TRUE
05FB001,FALSE,
05FB002,TRUE,FALSE
05FB003,FALSE,FALSE
05FC001,FALSE,TRUE
05FC002,FALSE,FALSE
05FC003,FALSE,FALSE
05FC004,FALSE,FALSE
05FC005,FALSE,FALSE
05FC006,FALSE,FALSE
05FC007,FALSE,FALSE
05FC008,FALSE,TRUE
05FC904,FALSE,FALSE
05FD001,FALSE,TRUE
05FD002,FALSE,
05FD003,FALSE,FALSE
05FD005,FALSE,FALSE
05FD006,FALSE,FALSE
05FD007,FALSE,FALSE
05FE001,FALSE,TRUE
05FE002,FALSE,FALSE
05FE003,FALSE,TRUE
05FE004,FALSE,TRUE
05FE005,FALSE,FALSE
05FF001,FALSE,TRUE
05FF003,FALSE,FALSE
05GA001,FALSE,FALSE
05GA002,FALSE,FALSE
05GA003,FALSE,TRUE
05GA004,FALSE,
05GA005,FALSE,
05GA006,FALSE,FALSE
05GA007,FALSE,TRUE
05GA008,FALSE,FALSE
05GA009,FALSE,FALSE
05GA010,FALSE,FALSE
05GA011,FALSE,FALSE
05GA012,FALSE,FALSE
05GA013,FALSE,TRUE
05GB001,FALSE,FALSE
05GB003,FALSE,FALSE
05GB004,FALSE,FALSE
05GC002,FALSE,TRUE
05GC003,FALSE,TRUE
05GC004,FALSE,TRUE
05GC005,FALSE,TRUE
05GC006,FALSE,TRUE
05GC007,TRUE,FALSE
05GD001,FALSE,FALSE
05GD002,TRUE,FALSE
05GD003,FALSE,
05GE001,FALSE,FALSE
05GF001,FALSE,FALSE
05GF002,FALSE,FALSE
05GF003,FALSE,
05GF004,FALSE,
05GG001,FALSE,TRUE
05GG002,FALSE,FALSE
05GG003,FALSE,TRUE
05GG004,FALSE,TRUE
05GG005,FALSE,TRUE
05GG006,FALSE,TRUE
05GG007,FALSE,TRUE
05GG008,FALSE,TRUE
05GG009,FALSE,TRUE
05GG010,TRUE,FALSE
05HA001,FALSE,TRUE
05HA002,FALSE,FALSE
05HA003,FALSE,TRUE
05HA004,FALSE,FALSE
05HA005,FALSE,FALSE
05HA007,FALSE,TRUE
05HA008,FALSE,TRUE
05HA009,FALSE,TRUE
05HA010,FALSE,FALSE
05HA011,FALSE,TRUE
05HA012,FALSE,FALSE
05HA013,FALSE,TRUE
05HA014,FALSE,TRUE
05HA015,FALSE,FALSE
05HA016,FALSE,FALSE
05HA017,FALSE,TRUE
05HA018,FALSE,TRUE
05HA019,FALSE,TRUE
05HA020,FALSE,TRUE
05HA021,FALSE,TRUE
05HA023,FALSE,TRUE
05HA024,FALSE,TRUE
05HA025,FALSE,TRUE
05HA026,FALSE,TRUE
05HA027,FALSE,TRUE
05HA028,FALSE,TRUE
05HA029,FALSE,FALSE
05HA030,FALSE,FALSE
05HA031,FALSE,TRUE
05HA032,FALSE,TRUE
05HA033,FALSE,TRUE
05HA034,FALSE,TRUE
05HA035,FALSE,TRUE
05HA036,FALSE,
05HA037,FALSE,TRUE
05HA038,FALSE,TRUE
05HA041,FALSE,TRUE
05HA042,FALSE,TRUE
05HA043,FALSE,TRUE
05HA044,FALSE,TRUE
05HA045,FALSE,TRUE
05HA050,FALSE,TRUE
05HA051,FALSE,TRUE
05HA061,FALSE,
05HA062,FALSE,TRUE
05HA063,FALSE,TRUE
05HA064,FALSE,TRUE
05HA065,FALSE,TRUE
05HA066,FALSE,TRUE
05HA067,FALSE,TRUE
05HA068,FALSE,TRUE
05HA069,FALSE,TRUE
05HA070,FALSE,TRUE
05HA071,FALSE,TRUE
05HA072,FALSE,TRUE
05HA073,FALSE,TRUE
05HA074,FALSE,TRUE
05HA075,FALSE,FALSE
05HA076,FALSE,TRUE
05HB001,FALSE,TRUE
05HB002,FALSE,TRUE
05HC001,FALSE,TRUE
05HC002,FALSE,TRUE
05HC003,FALSE,TRUE
05HC004,FALSE,TRUE
05HC005,FALSE,TRUE
05HD001,FALSE,FALSE
05HD002,FALSE,FALSE
05HD003,FALSE,FALSE
05HD004,FALSE,FALSE
05HD005,FALSE,FALSE
05HD006,FALSE,TRUE
05HD007,FALSE,TRUE
05HD008,FALSE,TRUE
05HD009,FALSE,FALSE
05HD012,FALSE,TRUE
05HD013,FALSE,TRUE
05HD015,FALSE,TRUE
05HD020,FALSE,TRUE
05HD028,FALSE,TRUE
05HD029,FALSE,TRUE
05HD030,FALSE,TRUE
05HD031,FALSE,FALSE
05HD033,FALSE,TRUE
05HD034,FALSE,TRUE
05HD036,TRUE,FALSE
05HD037,FALSE,TRUE
05HD038,FALSE,FALSE
05HD039,FALSE,TRUE
05HD041,FALSE,TRUE
05HD042,FALSE,
05HE001,TRUE,FALSE
05HF001,FALSE,TRUE
05HF003,FALSE,TRUE
05HF004,FALSE,TRUE
05HF005,FALSE,FALSE
05HF006,FALSE,TRUE
05HF007,FALSE,TRUE
05HF008,FALSE,TRUE
05HF010,FALSE,TRUE
05HF011,FALSE,FALSE
05HF012,FALSE,FALSE
05HF013,FALSE,TRUE
05HF014,FALSE,FALSE
05HF015,FALSE,TRUE
05HF016,FALSE,TRUE
05HF017,FALSE,TRUE
05HF018,FALSE,FALSE
05HF019,FALSE,FALSE
05HF020,FALSE,TRUE
05HF021,FALSE,
05HF022,FALSE,FALSE
05HG001,FALSE,TRUE
05HG002,FALSE,TRUE
05HG003,FALSE,TRUE
05HG004,FALSE,TRUE
05HG005,FALSE,TRUE
05HG006,FALSE,TRUE
05HG007,FALSE,TRUE
05HG008,FALSE,TRUE
05HG009,FALSE,TRUE
05HG010,FALSE,TRUE
05HG011,FALSE,TRUE
05HG012,FALSE,TRUE
05HG013,FALSE,TRUE
05HG014,FALSE,TRUE
05HG015,FALSE,TRUE
05HG016,FALSE,TRUE
05HG017,FALSE,FALSE
05HG018,FALSE,FALSE
05HG019,FALSE,TRUE
05HG020,FALSE,TRUE
05HG021,FALSE,FALSE
05HH001,FALSE,TRUE
05HH002,FALSE,FALSE
05HH003,FALSE,FALSE
05JA001,FALSE,FALSE
05JA002,FALSE,TRUE
05JA003,FALSE,FALSE
05JA004,FALSE,TRUE
05JA005,FALSE,
05JA006,FALSE,
05JB001,FALSE,TRUE
05JB002,FALSE,TRUE
05JB003,FALSE,TRUE
05JB004,TRUE,FALSE
05JB005,FALSE,FALSE
05JB006,FALSE,TRUE
05JB007,FALSE,FALSE
05JC001,FALSE,TRUE
05JC002,FALSE,
05JC003,FALSE,TRUE
05JC004,FALSE,FALSE
05JC005,FALSE,TRUE
05JC006,FALSE,TRUE
05JC007,FALSE,FALSE
05JD001,FALSE,
05JD002,FALSE,
05JD003,FALSE,TRUE
05JD004,FALSE,FALSE
05JD005,FALSE,TRUE
05JE001,FALSE,TRUE
05JE002,FALSE,FALSE
05JE003,FALSE,FALSE
05JE004,FALSE,TRUE
05JE005,FALSE,TRUE
05JE006,FALSE,TRUE
05JE007,FALSE,TRUE
05JE008,FALSE,TRUE
05JE009,FALSE,TRUE
05JE010,FALSE,
05JF001,FALSE,TRUE
05JF002,FALSE,TRUE
05JF003,FALSE,TRUE
05JF004,FALSE,TRUE
05JF005,FALSE,TRUE
05JF006,FALSE,TRUE
05JF007,FALSE,FALSE
05JF008,FALSE,TRUE
05JF009,FALSE,TRUE
05JF010,FALSE,TRUE
05JF011,FALSE,FALSE
05JF012,FALSE,TRUE
05JF013,FALSE,
05JF014,FALSE,FALSE
05JF015,FALSE,TRUE
05JF901,FALSE,TRUE
05JG001,FALSE,FALSE
05JG002,FALSE,FALSE
05JG003,FALSE,FALSE
05JG004,FALSE,TRUE
05JG005,FALSE,TRUE
05JG006,FALSE,TRUE
05JG007,FALSE,TRUE
05JG009,FALSE,TRUE
05JG010,FALSE,TRUE
05JG011,FALSE,TRUE
05JG012,FALSE,TRUE
05JG013,FALSE,FALSE
05JG014,FALSE,TRUE
05JG015,FALSE,TRUE
05JG901,FALSE,TRUE
05JH001,FALSE,TRUE
05JH002,FALSE,TRUE
05JH004,FALSE,TRUE
05JH005,FALSE,FALSE
05JH006,FALSE,TRUE
05JH007,FALSE,
05JJ001,FALSE,TRUE
05JJ002,FALSE,FALSE
05JJ003,FALSE,TRUE
05JJ004,FALSE,TRUE
05JJ005,FALSE,TRUE
05JJ006,FALSE,TRUE
05JJ007,FALSE,TRUE
05JJ008,FALSE,TRUE
05JJ009,FALSE,FALSE
05JJ010,FALSE,FALSE
05JK002,FALSE,TRUE
05JK003,FALSE,TRUE
05JK004,FALSE,TRUE
05JK005,FALSE,TRUE
05JK006,FALSE,TRUE
05JK007,FALSE,TRUE
05JK008,FALSE,FALSE
05JL001,FALSE,TRUE
05JL002,FALSE,FALSE
05JL003,FALSE,FALSE
05JL004,FALSE,TRUE
05JL005,FALSE,TRUE
05JL006,FALSE,TRUE
05JL007,FALSE,TRUE
05JM001,FALSE,TRUE
05JM003,FALSE,TRUE
05JM005,FALSE,FALSE
05JM006,FALSE,TRUE
05JM007,FALSE,TRUE
05JM008,FALSE,TRUE
05JM009,FALSE,FALSE
05JM010,FALSE,FALSE
05JM011,FALSE,TRUE
05JM012,FALSE,TRUE
05JM013,FALSE,TRUE
05JM015,FALSE,TRUE
05JM018,FALSE,
05JM019,FALSE,FALSE
05KA001,FALSE,TRUE
05KA002,FALSE,
05KA003,FALSE,FALSE
05KA004,FALSE,FALSE
05KA005,FALSE,FALSE
05KA006,FALSE,FALSE
05KA007,FALSE,
05KA008,FALSE,
05KA009,FALSE,TRUE
05KA010,FALSE,
05KA011,FALSE,
05KA012,FALSE,
05KB001,FALSE,TRUE
05KB002,FALSE,FALSE
05KB003,FALSE,FALSE
05KB004,FALSE,FALSE
05KB005,FALSE,TRUE
05KB006,FALSE,FALSE
05KB007,FALSE,TRUE
05KB008,FALSE,FALSE
05KB009,FALSE,FALSE
05KB010,FALSE,FALSE
05KB011,FALSE,FALSE
05KB012,FALSE,
05KB013,FALSE,FALSE
05KC001,FALSE,FALSE
05KC002,FALSE,FALSE
05KD001,FALSE,TRUE
05KD002,FALSE,FALSE
05KD003,FALSE,TRUE
05KD004,FALSE,TRUE
05KD005,FALSE,TRUE
05KD006,FALSE,TRUE
05KD007,FALSE,TRUE
05KE001,FALSE,FALSE
05KE002,FALSE,TRUE
05KE004,FALSE,FALSE
05KE005,FALSE,FALSE
05KE006,FALSE,FALSE
05KE007,FALSE,FALSE
05KE008,FALSE,TRUE
05KE009,FALSE,
05KE010,FALSE,FALSE
05KF001,FALSE,FALSE
05KF002,FALSE,
05KF003,FALSE,
05KF004,FALSE,
05KG001,FALSE,
05KG002,FALSE,FALSE
05KG003,FALSE,FALSE
05KG004,FALSE,
05KG005,FALSE,TRUE
05KG006,FALSE,TRUE
05KG007,FALSE,FALSE
05KG009,FALSE,
05KG010,FALSE,
05KH002,FALSE,TRUE
05KH003,FALSE,TRUE
05KH004,FALSE,
05KH006,FALSE,TRUE
05KH007,FALSE,FALSE
05KH008,FALSE,TRUE
05KH009,FALSE,TRUE
05KH010,FALSE,TRUE
05KH011,FALSE,TRUE
05KH012,FALSE,FALSE
05KH013,FALSE,TRUE
05KH014,FALSE,TRUE
05KH015,FALSE,
05KH701,FALSE,FALSE
05KJ001,FALSE,TRUE
05KJ014,TRUE,FALSE
05KJ704,FALSE,TRUE
05KJ705,FALSE,TRUE
05KJ824,FALSE,TRUE
05KK001,FALSE,TRUE
05KK002,FALSE,TRUE
05KK003,FALSE,FALSE
05KK005,FALSE,TRUE
05KK006,FALSE,TRUE
05KK007,FALSE,TRUE
05KK009,FALSE,FALSE
05KK708,FALSE,FALSE
05KK710,FALSE,TRUE
05KK711,FALSE,FALSE
05KK712,FALSE,FALSE
05KL001,FALSE,TRUE
05KL005,FALSE,TRUE
05KL009,FALSE,TRUE
05KL701,FALSE,TRUE
05LA001,FALSE,FALSE
05LA002,FALSE,FALSE
05LA003,FALSE,FALSE
05LA004,FALSE,TRUE
05LA005,FALSE,TRUE
05LA006,FALSE,
05LA007,FALSE,
05LB001,FALSE,
05LB002,FALSE,FALSE
05LB003,FALSE,FALSE
05LB004,FALSE,FALSE
05LB005,FALSE,TRUE
05LB006,FALSE,FALSE
05LB007,FALSE,TRUE
05LB008,FALSE,FALSE
05LB009,FALSE,FALSE
05LB010,FALSE,FALSE
05LB011,FALSE,
05LB012,FALSE,
05LC001,FALSE,FALSE
05LC002,FALSE,FALSE
05LC003,FALSE,FALSE
05LC004,FALSE,FALSE
05LC005,FALSE,FALSE
05LD001,TRUE,FALSE
05LD002,FALSE,FALSE
05LD003,TRUE,FALSE
05LE001,FALSE,FALSE
05LE002,FALSE,FALSE
05LE003,FALSE,FALSE
05LE004,FALSE,FALSE
05LE005,FALSE,FALSE
05LE006,FALSE,FALSE
05LE007,FALSE,
05LE008,FALSE,FALSE
05LE009,FALSE,FALSE
05LE010,FALSE,FALSE
05LE011,TRUE,FALSE
05LE012,FALSE,
05LF001,FALSE,TRUE
05LF002,FALSE,TRUE
05LF801,FALSE,TRUE
05LF802,FALSE,FALSE
05LG001,FALSE,FALSE
05LG002,FALSE,FALSE
05LG003,FALSE,FALSE
05LG004,TRUE,FALSE
05LG005,FALSE,FALSE
05LG006,FALSE,FALSE
05LG801,FALSE,TRUE
05LH001,FALSE,TRUE
05LH002,FALSE,FALSE
05LH004,FALSE,FALSE
05LH005,TRUE,FALSE
05LH006,FALSE,
05LH008,FALSE,
05LJ001,FALSE,FALSE
05LJ002,FALSE,FALSE
05LJ004,FALSE,FALSE
05LJ005,TRUE,FALSE
05LJ007,FALSE,FALSE
05LJ009,FALSE,TRUE
05LJ010,FALSE,TRUE
05LJ011,FALSE,FALSE
05LJ012,FALSE,TRUE
05LJ013,FALSE,FALSE
05LJ014,FALSE,TRUE
05LJ015,FALSE,FALSE
05LJ016,FALSE,TRUE
05LJ017,FALSE,FALSE
05LJ018,FALSE,FALSE
05LJ019,FALSE,TRUE
05LJ020,FALSE,FALSE
05LJ021,FALSE,TRUE
05LJ022,FALSE,TRUE
05LJ024,FALSE,TRUE
05LJ025,FALSE,TRUE
05LJ026,FALSE,FALSE
05LJ027,FALSE,FALSE
05LJ029,FALSE,TRUE
05LJ030,FALSE,TRUE
05LJ031,FALSE,TRUE
05LJ032,FALSE,FALSE
05LJ034,FALSE,FALSE
05LJ035,FALSE,FALSE
05LJ040,FALSE,TRUE
05LJ045,FALSE,FALSE
05LJ046,FALSE,TRUE
05LJ047,FALSE,TRUE
05LJ048,FALSE,FALSE
05LJ801,FALSE,
05LJ803,FALSE,TRUE
05LJ805,FALSE,TRUE
05LJ807,FALSE,TRUE
05LJ808,FALSE,TRUE
05LJ810,FALSE,TRUE
05LJ811,FALSE,TRUE
05LJ812,FALSE,TRUE
05LJ816,FALSE,TRUE
05LK001,FALSE,TRUE
05LK002,FALSE,TRUE
05LK003,FALSE,TRUE
05LK004,FALSE,TRUE
05LL001,FALSE,TRUE
05LL002,FALSE,TRUE
05LL003,FALSE,TRUE
05LL004,FALSE,FALSE
05LL005,FALSE,TRUE
05LL006,FALSE,TRUE
05LL007,FALSE,FALSE
05LL008,FALSE,FALSE
05LL009,FALSE,FALSE
05LL011,FALSE,TRUE
05LL012,FALSE,TRUE
05LL013,FALSE,FALSE
05LL014,FALSE,FALSE
05LL015,FALSE,FALSE
05LL017,FALSE,FALSE
05LL018,FALSE,TRUE
05LL019,FALSE,TRUE
05LL021,FALSE,FALSE
05LL022,FALSE,FALSE
05LL023,FALSE,FALSE
05LL024,FALSE,FALSE
05LL026,FALSE,FALSE
05LL027,TRUE,FALSE
05LL028,FALSE,FALSE
05LL802,FALSE,TRUE
05LL809,FALSE,TRUE
05LL810,FALSE,TRUE
05LL820,FALSE,FALSE
05LL821,FALSE,TRUE
05LL822,FALSE,TRUE
05LL823,FALSE,TRUE
05LL824,FALSE,FALSE
05LM001,FALSE,TRUE
05LM002,FALSE,FALSE
05LM003,FALSE,
05LM005,FALSE,TRUE
05LM006,FALSE,TRUE
05LM801,FALSE,FALSE
05LN002,FALSE,FALSE
05LN003,FALSE,TRUE
05LN004,FALSE,
05LN005,FALSE,FALSE
05LN006,FALSE,
05LN805,FALSE,TRUE
05MA001,FALSE,FALSE
05MA002,FALSE,FALSE
05MA003,FALSE,
05MA004,FALSE,
05MA005,FALSE,FALSE
05MA007,FALSE,
05MA008,FALSE,FALSE
05MA010,FALSE,FALSE
05MA011,FALSE,TRUE
05MA012,FALSE,TRUE
05MA013,FALSE,FALSE
05MA014,FALSE,FALSE
05MA015,FALSE,TRUE
05MA016,FALSE,TRUE
05MA017,FALSE,TRUE
05MA018,FALSE,TRUE
05MA019,FALSE,FALSE
05MA020,FALSE,FALSE
05MA021,TRUE,FALSE
05MA022,FALSE,FALSE
05MA023,FALSE,TRUE
05MA024,FALSE,
05MA025,FALSE,FALSE
05MB001,FALSE,TRUE
05MB002,FALSE,TRUE
05MB003,FALSE,TRUE
05MB004,FALSE,TRUE
05MB005,FALSE,TRUE
05MB006,FALSE,TRUE
05MB007,FALSE,TRUE
05MB008,FALSE,TRUE
05MB009,FALSE,TRUE
05MB010,FALSE,TRUE
05MB011,FALSE,FALSE
05MB012,FALSE,FALSE
05MB013,FALSE,
05MB014,FALSE,
05MC001,FALSE,FALSE
05MC002,FALSE,FALSE
05MC003,FALSE,FALSE
05MC004,FALSE,FALSE
05MD001,FALSE,FALSE
05MD002,FALSE,FALSE
05MD004,FALSE,TRUE
05MD005,FALSE,FALSE
05MD006,FALSE,FALSE
05MD007,FALSE,FALSE
05MD009,FALSE,TRUE
05MD010,FALSE,FALSE
05MD011,FALSE,TRUE
05MD012,FALSE,TRUE
05MD801,FALSE,TRUE
05MD802,FALSE,FALSE
05MD804,FALSE,FALSE
05ME001,FALSE,TRUE
05ME002,FALSE,FALSE
05ME003,FALSE,FALSE
05ME005,FALSE,FALSE
05ME006,FALSE,TRUE
05ME007,FALSE,FALSE
05ME008,FALSE,FALSE
05ME009,FALSE,FALSE
05ME010,FALSE,FALSE
05ME011,FALSE,TRUE
05ME012,FALSE,TRUE
05ME802,FALSE,TRUE
05ME803,FALSE,TRUE
05MF001,FALSE,FALSE
05MF003,FALSE,TRUE
05MF004,FALSE,FALSE
05MF005,FALSE,FALSE
05MF006,FALSE,TRUE
05MF007,FALSE,FALSE
05MF008,FALSE,FALSE
05MF009,FALSE,FALSE
05MF018,FALSE,TRUE
05MF019,FALSE,FALSE
05MF020,FALSE,TRUE
05MF021,FALSE,TRUE
05MF022,FALSE,FALSE
05MF023,FALSE,
05MF024,FALSE,FALSE
05MF025,FALSE,
05MF026,FALSE,
05MF801,FALSE,TRUE
05MF803,FALSE,TRUE
05MF804,FALSE,FALSE
05MG001,FALSE,FALSE
05MG002,FALSE,FALSE
05MG003,FALSE,FALSE
05MG004,FALSE,TRUE
05MG005,FALSE,FALSE
05MG006,FALSE,FALSE
05MG007,FALSE,
05MG008,FALSE,FALSE
05MG009,FALSE,FALSE
05MG010,FALSE,TRUE
05MG011,FALSE,FALSE
05MG012,FALSE,TRUE
05MG013,FALSE,TRUE
05MG014,FALSE,TRUE
05MG015,FALSE,FALSE
05MG801,FALSE,TRUE
05MG802,FALSE,TRUE
05MG803,FALSE,TRUE
05MH001,FALSE,TRUE
05MH002,FALSE,FALSE
05MH004,FALSE,FALSE
05MH005,FALSE,TRUE
05MH006,FALSE,FALSE
05MH007,FALSE,FALSE
05MH008,FALSE,FALSE
05MH011,FALSE,FALSE
05MH013,FALSE,TRUE
05MJ001,FALSE,TRUE
05MJ002,FALSE,FALSE
05MJ003,FALSE,TRUE
05MJ004,FALSE,TRUE
05MJ005,FALSE,TRUE
05MJ006,FALSE,TRUE
05MJ007,FALSE,FALSE
05MJ008,FALSE,FALSE
05MJ009,FALSE,FALSE
05MJ010,FALSE,FALSE
05MJ011,FALSE,FALSE
05MJ012,FALSE,TRUE
05MJ013,FALSE,FALSE
05MJ802,FALSE,TRUE
05NA001,FALSE,FALSE
05NA002,FALSE,FALSE
05NA003,FALSE,TRUE
05NA004,FALSE,TRUE
05NA005,FALSE,TRUE
05NA006,FALSE,TRUE
05NA007,FALSE,TRUE
05NA009,FALSE,TRUE
05NB001,FALSE,TRUE
05NB004,FALSE,FALSE
05NB005,FALSE,FALSE
05NB006,FALSE,TRUE
05NB007,FALSE,TRUE
05NB008,FALSE,FALSE
05NB009,FALSE,TRUE
05NB010,FALSE,TRUE
05NB011,FALSE,TRUE
05NB012,FALSE,TRUE
05NB013,FALSE,TRUE
05NB014,FALSE,TRUE
05NB015,FALSE,TRUE
05NB016,FALSE,TRUE
05NB017,FALSE,TRUE
05NB018,FALSE,TRUE
05NB019,FALSE,FALSE
05NB020,FALSE,TRUE
05NB021,FALSE,TRUE
05NB022,FALSE,TRUE
05NB023,FALSE,TRUE
05NB024,FALSE,TRUE
05NB025,FALSE,TRUE
05NB026,FALSE,TRUE
05NB027,FALSE,TRUE
05NB028,FALSE,TRUE
05NB029,FALSE,TRUE
05NB030,FALSE,TRUE
05NB031,FALSE,TRUE
05NB032,FALSE,TRUE
05NB033,FALSE,FALSE
05NB034,FALSE,TRUE
05NB035,FALSE,FALSE
05NB036,FALSE,TRUE
05NB037,FALSE,TRUE
05NB038,FALSE,TRUE
05NB039,FALSE,FALSE
05NB040,FALSE,TRUE
05NB041,FALSE,TRUE
05NC001,FALSE,TRUE
05NC002,FALSE,TRUE
05NC003,FALSE,TRUE
05NC004,FALSE,TRUE
05NC005,FALSE,FALSE
05NC006,FALSE,TRUE
05ND001,FALSE,TRUE
05ND003,FALSE,TRUE
05ND004,FALSE,TRUE
05ND006,FALSE,
05ND007,FALSE,TRUE
05ND008,FALSE,FALSE
05ND009,FALSE,FALSE
05ND010,FALSE,TRUE
05ND011,FALSE,FALSE
05ND012,FALSE,TRUE
05ND013,FALSE,
05NE001,FALSE,TRUE
05NE002,FALSE,TRUE
05NE003,FALSE,FALSE
05NF001,FALSE,TRUE
05NF002,TRUE,FALSE
05NF003,FALSE,FALSE
05NF006,TRUE,FALSE
05NF007,FALSE,TRUE
05NF008,FALSE,FALSE
05NF009,FALSE,TRUE
05NF010,TRUE,FALSE
05NF011,FALSE,FALSE
05NF012,FALSE,TRUE
05NF013,FALSE,FALSE
05NF014,FALSE,FALSE
05NF015,FALSE,FALSE
05NF016,FALSE,TRUE
05NF803,FALSE,TRUE
05NF804,FALSE,TRUE
05NF805,FALSE,TRUE
05NG001,FALSE,TRUE
05NG003,FALSE,TRUE
05NG004,FALSE,FALSE
05NG007,FALSE,TRUE
05NG010,FALSE,FALSE
05NG011,FALSE,FALSE
05NG012,FALSE,FALSE
05NG016,FALSE,FALSE
05NG017,FALSE,TRUE
05NG019,FALSE,FALSE
05NG020,FALSE,FALSE
05NG021,FALSE,TRUE
05NG022,FALSE,TRUE
05NG023,FALSE,TRUE
05NG024,FALSE,TRUE
05NG025,FALSE,TRUE
05NG026,FALSE,TRUE
05NG027,FALSE,FALSE
05NG028,FALSE,FALSE
05NG801,FALSE,TRUE
05NG803,FALSE,TRUE
05NG806,FALSE,TRUE
05NG807,FALSE,TRUE
05NG809,FALSE,TRUE
05NG810,FALSE,TRUE
05NG813,FALSE,TRUE
05NG814,FALSE,TRUE
05OA001,FALSE,FALSE
05OA002,FALSE,FALSE
05OA005,FALSE,FALSE
05OA006,FALSE,TRUE
05OA007,FALSE,FALSE
05OA008,FALSE,FALSE
05OA009,FALSE,FALSE
05OA010,FALSE,TRUE
05OA012,FALSE,FALSE
05OA013,FALSE,FALSE
05OA014,FALSE,FALSE
05OA015,FALSE,FALSE
05OA017,FALSE,FALSE
05OA019,FALSE,
05OA801,FALSE,TRUE
05OA802,FALSE,TRUE
05OA803,FALSE,TRUE
05OA804,FALSE,TRUE
05OB001,FALSE,TRUE
05OB003,FALSE,TRUE
05OB006,FALSE,FALSE
05OB007,FALSE,TRUE
05OB008,FALSE,TRUE
05OB010,FALSE,FALSE
05OB013,FALSE,TRUE
05OB014,FALSE,TRUE
05OB016,FALSE,FALSE
05OB018,FALSE,
05OB019,FALSE,TRUE
05OB021,FALSE,FALSE
05OB023,FALSE,TRUE
05OB025,FALSE,TRUE
05OB027,FALSE,TRUE
05OB031,FALSE,FALSE
05OB033,FALSE,FALSE
05OB034,FALSE,TRUE
05OB801,FALSE,TRUE
05OB804,FALSE,TRUE
05OB806,FALSE,TRUE
05OC001,FALSE,TRUE
05OC003,FALSE,TRUE
05OC004,FALSE,TRUE
05OC006,FALSE,FALSE
05OC008,FALSE,TRUE
05OC009,FALSE,TRUE
05OC010,FALSE,TRUE
05OC012,FALSE,TRUE
05OC015,FALSE,TRUE
05OC016,FALSE,FALSE
05OC017,FALSE,TRUE
05OC018,FALSE,FALSE
05OC019,FALSE,FALSE
05OC020,FALSE,TRUE
05OC021,FALSE,TRUE
05OC022,FALSE,FALSE
05OC023,FALSE,TRUE
05OC024,FALSE,FALSE
05OC025,FALSE,FALSE
05OC026,FALSE,TRUE
05OC027,FALSE,TRUE
05OC028,FALSE,TRUE
05OC029,FALSE,TRUE
05OC801,FALSE,TRUE
05OD001,FALSE,FALSE
05OD002,FALSE,FALSE
05OD003,FALSE,FALSE
05OD004,FALSE,FALSE
05OD014,FALSE,FALSE
05OD027,FALSE,TRUE
05OD028,FALSE,FALSE
05OD029,FALSE,FALSE
05OD030,FALSE,FALSE
05OD031,FALSE,FALSE
05OD032,FALSE,FALSE
05OD033,FALSE,FALSE
05OD034,FALSE,FALSE
05OD802,FALSE,TRUE
05OE001,FALSE,TRUE
05OE002,FALSE,TRUE
05OE004,TRUE,FALSE
05OE005,FALSE,FALSE
05OE006,FALSE,FALSE
05OE007,FALSE,FALSE
05OE008,FALSE,FALSE
05OE009,FALSE,FALSE
05OE010,FALSE,FALSE
05OE011,FALSE,TRUE
05OE013,FALSE,TRUE
05OE014,FALSE,FALSE
05OE015,FALSE,FALSE
05OE823,FALSE,TRUE
05OF002,FALSE,FALSE
05OF003,FALSE,TRUE
05OF004,FALSE,TRUE
05OF006,FALSE,TRUE
05OF007,FALSE,FALSE
05OF008,FALSE,TRUE
05OF009,FALSE,FALSE
05OF010,FALSE,FALSE
05OF011,FALSE,FALSE
05OF012,FALSE,FALSE
05OF014,TRUE,FALSE
05OF015,FALSE,FALSE
05OF016,FALSE,FALSE
05OF017,TRUE,FALSE
05OF018,FALSE,FALSE
05OF019,FALSE,FALSE
05OF020,FALSE,FALSE
05OF021,FALSE,FALSE
05OF022,FALSE,FALSE
05OF023,FALSE,TRUE
05OF024,FALSE,FALSE
05OF025,FALSE,FALSE
05OF026,FALSE,FALSE
05OF801,FALSE,TRUE
05OG001,FALSE,TRUE
05OG002,FALSE,TRUE
05OG003,FALSE,FALSE
05OG004,FALSE,TRUE
05OG005,FALSE,TRUE
05OG006,FALSE,TRUE
05OG008,FALSE,TRUE
05OG009,FALSE,FALSE
05OG010,FALSE,FALSE
05OG801,FALSE,TRUE
05OG802,FALSE,TRUE
05OG803,FALSE,TRUE
05OG804,FALSE,TRUE
05OG805,FALSE,TRUE
05OG806,FALSE,TRUE
05OG807,FALSE,TRUE
05OG808,FALSE,TRUE
05OH001,FALSE,FALSE
05OH003,FALSE,FALSE
05OH006,FALSE,TRUE
05OH007,FALSE,FALSE
05OH008,FALSE,TRUE
05OH009,FALSE,TRUE
05OH802,FALSE,TRUE
05OJ001,FALSE,TRUE
05OJ002,FALSE,FALSE
05OJ005,FALSE,TRUE
05OJ006,FALSE,FALSE
05OJ007,FALSE,FALSE
05OJ008,FALSE,FALSE
05OJ009,FALSE,FALSE
05OJ010,FALSE,TRUE
05OJ012,FALSE,FALSE
05OJ013,FALSE,FALSE
05OJ014,FALSE,TRUE
05OJ015,FALSE,TRUE
05OJ016,FALSE,FALSE
05OJ017,FALSE,FALSE
05OJ018,FALSE,
05OJ019,FALSE,TRUE
05OJ020,FALSE,TRUE
05OJ021,FALSE,TRUE
05OJ022,FALSE,TRUE
05OJ023,FALSE,
05OJ024,FALSE,TRUE
05OJ829,FALSE,TRUE
05PA001,FALSE,FALSE
05PA003,FALSE,TRUE
05PA005,FALSE,FALSE
05PA006,FALSE,FALSE
05PA007,FALSE,FALSE
05PA010,FALSE,FALSE
05PA011,FALSE,FALSE
05PA012,FALSE,FALSE
05PA013,FALSE,TRUE
05PB001,FALSE,FALSE
05PB002,FALSE,FALSE
05PB003,FALSE,TRUE
05PB004,FALSE,TRUE
05PB007,FALSE,TRUE
05PB009,FALSE,TRUE
05PB012,FALSE,TRUE
05PB014,TRUE,FALSE
05PB015,FALSE,FALSE
05PB018,FALSE,FALSE
05PB019,FALSE,FALSE
05PB020,FALSE,FALSE
05PB021,FALSE,FALSE
05PB022,FALSE,FALSE
05PB023,FALSE,TRUE
05PB024,FALSE,TRUE
05PB025,FALSE,TRUE
05PC009,FALSE,FALSE
05PC010,FALSE,FALSE
05PC011,FALSE,FALSE
05PC016,FALSE,FALSE
05PC018,FALSE,TRUE
05PC019,FALSE,TRUE
05PC021,FALSE,TRUE
05PC022,FALSE,FALSE
05PC023,FALSE,FALSE
05PC024,FALSE,TRUE
05PC025,FALSE,TRUE
05PC027,FALSE,
05PD001,FALSE,TRUE
05PD004,FALSE,TRUE
05PD008,FALSE,TRUE
05PD011,FALSE,TRUE
05PD014,FALSE,FALSE
05PD015,FALSE,FALSE
05PD016,FALSE,FALSE
05PD017,FALSE,FALSE
05PD018,FALSE,FALSE
05PD019,FALSE,FALSE
05PD020,FALSE,FALSE
05PD021,FALSE,FALSE
05PD022,FALSE,FALSE
05PD023,FALSE,FALSE
05PD024,FALSE,FALSE
05PD025,FALSE,FALSE
05PD026,FALSE,TRUE
05PD027,FALSE,FALSE
05PD028,FALSE,FALSE
05PD029,FALSE,TRUE
05PD030,FALSE,TRUE
05PD031,FALSE,FALSE
05PD032,FALSE,FALSE
05PD033,FALSE,
05PD034,FALSE,
05PD801,FALSE,TRUE
05PD802,FALSE,TRUE
05PE001,FALSE,TRUE
05PE003,FALSE,TRUE
05PE004,FALSE,TRUE
05PE005,FALSE,TRUE
05PE006,FALSE,TRUE
05PE008,FALSE,TRUE
05PE009,FALSE,TRUE
05PE010,FALSE,TRUE
05PE011,FALSE,TRUE
05PE012,FALSE,TRUE
05PE014,FALSE,TRUE
05PE015,FALSE,TRUE
05PE016,FALSE,TRUE
05PE020,FALSE,TRUE
05PE021,FALSE,TRUE
05PE022,FALSE,TRUE
05PE023,FALSE,FALSE
05PE024,FALSE,FALSE
05PE025,FALSE,TRUE
05PE026,FALSE,FALSE
05PE027,FALSE,FALSE
05PE028,FALSE,FALSE
05PE029,FALSE,TRUE
05PE030,FALSE,TRUE
05PE031,FALSE,TRUE
05PF001,FALSE,TRUE
05PF008,FALSE,TRUE
05PF015,FALSE,TRUE
05PF022,FALSE,TRUE
05PF044,FALSE,TRUE
05PF048,FALSE,TRUE
05PF049,FALSE,TRUE
05PF051,FALSE,TRUE
05PF057,FALSE,TRUE
05PF060,FALSE,TRUE
05PF062,FALSE,TRUE
05PF063,FALSE,TRUE
05PF064,FALSE,TRUE
05PF065,FALSE,FALSE
05PF066,FALSE,FALSE
05PF067,FALSE,FALSE
05PF068,FALSE,TRUE
05PF069,FALSE,TRUE
05PF070,FALSE,TRUE
05PF801,FALSE,TRUE
05PG001,FALSE,TRUE
05PG002,FALSE,TRUE
05PG003,FALSE,TRUE
05PG801,FALSE,FALSE
05PG802,FALSE,TRUE
05PG803,FALSE,TRUE
05PG806,FALSE,TRUE
05PG807,FALSE,TRUE
05PG809,FALSE,TRUE
05PG810,FALSE,TRUE
05PG811,FALSE,TRUE
05PG812,FALSE,TRUE
05PH001,FALSE,FALSE
05PH003,TRUE,FALSE
05PH004,FALSE,TRUE
05PH005,FALSE,TRUE
05PH006,FALSE,TRUE
05PH007,FALSE,FALSE
05PJ001,FALSE,FALSE
05QA001,FALSE,FALSE
05QA002,FALSE,FALSE
05QA004,FALSE,FALSE
05QA005,FALSE,FALSE
05QA006,FALSE,
05QB001,FALSE,TRUE
05QB002,FALSE,TRUE
05QB003,FALSE,TRUE
05QB005,FALSE,TRUE
05QB006,FALSE,TRUE
05QB007,FALSE,FALSE
05QC001,FALSE,TRUE
05QC003,FALSE,FALSE
05QC004,FALSE,TRUE
05QC005,FALSE,TRUE
05QC006,FALSE,
05QC007,FALSE,
05QD001,FALSE,TRUE
05QD002,FALSE,TRUE
05QD003,FALSE,TRUE
05QD006,FALSE,TRUE
05QD007,FALSE,FALSE
05QD008,FALSE,FALSE
05QD009,FALSE,FALSE
05QD010,FALSE,TRUE
05QD011,FALSE,FALSE
05QD012,FALSE,FALSE
05QD013,FALSE,FALSE
05QD015,FALSE,FALSE
05QD016,FALSE,TRUE
05QD017,FALSE,FALSE
05QD018,FALSE,FALSE
05QD019,FALSE,FALSE
05QD020,FALSE,
05QD021,FALSE,FALSE
05QD022,FALSE,FALSE
05QD023,FALSE,FALSE
05QD024,FALSE,FALSE
05QD025,FALSE,FALSE
05QD026,FALSE,
05QD027,FALSE,
05QD028,FALSE,
05QD029,FALSE,TRUE
05QE005,FALSE,TRUE
05QE006,FALSE,TRUE
05QE007,FALSE,TRUE
05QE008,TRUE,FALSE
05QE009,FALSE,FALSE
05QE011,FALSE,FALSE
05QE012,FALSE,FALSE
05QE013,FALSE,TRUE
05QE014,FALSE,TRUE
05QE015,FALSE,TRUE
05RA001,TRUE,FALSE
05RA002,FALSE,FALSE
05RA802,FALSE,TRUE
05RB001,FALSE,FALSE
05RB002,FALSE,FALSE
05RB003,FALSE,FALSE
05RC001,FALSE,FALSE
05RD001,FALSE,FALSE
05RD005,FALSE,TRUE
05RD006,FALSE,FALSE
05RD007,FALSE,FALSE
05RD008,FALSE,FALSE
05RD009,FALSE,FALSE
05RD010,FALSE,FALSE
05RD011,FALSE,FALSE
05RE001,FALSE,FALSE
05RE002,FALSE,FALSE
05RE003,FALSE,TRUE
05RF001,FALSE,TRUE
05SA001,FALSE,FALSE
05SA002,TRUE,FALSE
05SA003,FALSE,TRUE
05SA004,FALSE,FALSE
05SA005,FALSE,
05SA013,FALSE,
05SA801,FALSE,FALSE
05SB001,FALSE,
05SB002,FALSE,FALSE
05SB003,FALSE,TRUE
05SB004,FALSE,TRUE
05SB005,FALSE,TRUE
05SB006,FALSE,TRUE
05SB801,FALSE,FALSE
05SC002,FALSE,FALSE
05SD001,FALSE,TRUE
05SD002,FALSE,TRUE
05SD003,FALSE,FALSE
05SD004,FALSE,FALSE
05SD005,FALSE,FALSE
05SD006,FALSE,
05SD801,FALSE,FALSE
05SD802,FALSE,FALSE
05SF001,FALSE,
05SG001,FALSE,TRUE
05TA001,FALSE,
05TA002,FALSE,
05TB002,FALSE,FALSE
05TB003,FALSE,
05TB801,FALSE,TRUE
05TC701,FALSE,FALSE
05TD001,TRUE,FALSE
05TD002,FALSE,FALSE
05TE001,FALSE,FALSE
05TE002,FALSE,FALSE
05TF001,FALSE,TRUE
05TF002,FALSE,FALSE
05TF003,FALSE,TRUE
05TF004,FALSE,TRUE
05TF006,FALSE,TRUE
05TF701,FALSE,TRUE
05TF703,FALSE,TRUE
05TF707,FALSE,TRUE
05TF710,FALSE,TRUE
05TF723,FALSE,TRUE
05TF725,FALSE,TRUE
05TF771,FALSE,TRUE
05TF772,FALSE,TRUE
05TF774,FALSE,TRUE
05TF775,FALSE,TRUE
05TF784,FALSE,FALSE
05TG001,FALSE,TRUE
05TG002,TRUE,FALSE
05TG003,TRUE,FALSE
05TG004,FALSE,TRUE
05TG005,FALSE,TRUE
05TG006,FALSE,FALSE
05TG701,FALSE,TRUE
05TG702,FALSE,TRUE
05TG703,FALSE,
05TG707,FALSE,TRUE
05TG712,FALSE,TRUE
05TG746,FALSE,TRUE
05TG747,FALSE,TRUE
05UA003,FALSE,FALSE
05UB001,FALSE,TRUE
05UB002,FALSE,FALSE
05UB003,FALSE,TRUE
05UB004,FALSE,FALSE
05UB005,FALSE,TRUE
05UB006,FALSE,FALSE
05UB007,FALSE,TRUE
05UB008,FALSE,TRUE
05UB009,FALSE,TRUE
05UB010,FALSE,FALSE
05UB011,FALSE,FALSE
05UB012,FALSE,FALSE
05UB013,FALSE,TRUE
05UB014,FALSE,
05UB015,FALSE,
05UB017,FALSE,TRUE
05UB701,FALSE,TRUE
05UB702,FALSE,TRUE
05UB703,FALSE,TRUE
05UB704,FALSE,TRUE
05UB710,FALSE,TRUE
05UB717,FALSE,TRUE
05UC701,FALSE,TRUE
05UC702,FALSE,FALSE
05UC703,FALSE,FALSE
05UC704,FALSE,FALSE
05UD001,FALSE,TRUE
05UD004,FALSE,TRUE
05UD005,FALSE,TRUE
05UD006,FALSE,TRUE
05UD007,FALSE,TRUE
05UD008,FALSE,
05UD009,FALSE,
05UD701,FALSE,TRUE
05UD703,FALSE,TRUE
05UE004,FALSE,FALSE
05UE005,FALSE,TRUE
05UE701,FALSE,TRUE
05UE703,FALSE,TRUE
05UE710,FALSE,TRUE
05UE711,FALSE,TRUE
05UE712,FALSE,TRUE
05UE713,FALSE,TRUE
05UE714,FALSE,TRUE
05UE715,FALSE,TRUE
05UF003,FALSE,TRUE
05UF004,TRUE,FALSE
05UF006,FALSE,TRUE
05UF007,FALSE,TRUE
05UF587,FALSE,TRUE
05UF596,FALSE,TRUE
05UF709,FALSE,TRUE
05UF771,FALSE,TRUE
05UF792,FALSE,TRUE
05UG001,FALSE,FALSE
05UH001,TRUE,FALSE
05UH002,TRUE,FALSE
06AA001,FALSE,FALSE
06AA002,FALSE,FALSE
06AA003,FALSE,FALSE
06AA004,FALSE,FALSE
06AA901,FALSE,FALSE
06AB001,FALSE,FALSE
06AB002,TRUE,FALSE
06AB003,FALSE,FALSE
06AB004,FALSE,
06AC001,FALSE,FALSE
06AC002,FALSE,FALSE
06AC003,FALSE,FALSE
06AC004,FALSE,FALSE
06AC005,FALSE,FALSE
06AC006,FALSE,FALSE
06AC007,FALSE,FALSE
06AC009,FALSE,TRUE
06AC901,FALSE,FALSE
06AD001,FALSE,FALSE
06AD002,FALSE,FALSE
06AD003,FALSE,FALSE
06AD004,FALSE,FALSE
06AD005,FALSE,FALSE
06AD006,TRUE,FALSE
06AD007,FALSE,TRUE
06AD008,FALSE,FALSE
06AD009,FALSE,TRUE
06AD010,FALSE,FALSE
06AD011,FALSE,FALSE
06AD012,FALSE,
06AD013,FALSE,FALSE
06AD014,FALSE,
06AE001,FALSE,FALSE
06AE002,FALSE,
06AE003,FALSE,
06AE004,FALSE,
06AF001,FALSE,FALSE
06AF002,FALSE,FALSE
06AF003,FALSE,
06AF004,FALSE,FALSE
06AF005,FALSE,FALSE
06AF006,FALSE,FALSE
06AF007,FALSE,
06AF008,FALSE,FALSE
06AF009,FALSE,
06AF010,FALSE,
06AG001,FALSE,FALSE
06AG002,TRUE,FALSE
06AG003,FALSE,
06BA001,FALSE,FALSE
06BA002,FALSE,FALSE
06BB001,FALSE,TRUE
06BB002,FALSE,FALSE
06BB003,FALSE,FALSE
06BB004,FALSE,FALSE
06BB005,FALSE,FALSE
06BC001,FALSE,FALSE
06BC002,FALSE,FALSE
06BD001,TRUE,FALSE
06CA001,FALSE,TRUE
06CA002,FALSE,TRUE
06CA003,FALSE,TRUE
06CA004,FALSE,TRUE
06CA005,FALSE,TRUE
06CA006,FALSE,TRUE
06CA007,FALSE,TRUE
06CA008,FALSE,TRUE
06CA009,FALSE,FALSE
06CA010,FALSE,TRUE
06CB001,FALSE,TRUE
06CB002,FALSE,TRUE
06CB003,FALSE,
06CC001,FALSE,TRUE
06CD001,FALSE,FALSE
06CD002,TRUE,FALSE
06CD004,FALSE,FALSE
06CE001,FALSE,FALSE
06DA001,TRUE,FALSE
06DA002,FALSE,FALSE
06DA003,FALSE,FALSE
06DA004,TRUE,FALSE
06DA005,FALSE,FALSE
06DB001,FALSE,TRUE
06DB002,FALSE,TRUE
06DB003,FALSE,FALSE
06DB004,FALSE,
06DC001,FALSE,FALSE
06DD001,FALSE,FALSE
06DD002,FALSE,TRUE
06DD003,FALSE,FALSE
06EA001,FALSE,FALSE
06EA002,FALSE,TRUE
06EA006,FALSE,TRUE
06EA007,FALSE,FALSE
06EA008,FALSE,TRUE
06EA009,FALSE,
06EA010,FALSE,TRUE
06EA011,FALSE,TRUE
06EA012,FALSE,TRUE
06EA013,FALSE,
06EA014,FALSE,
06EB002,FALSE,TRUE
06EB003,FALSE,FALSE
06EB004,FALSE,TRUE
06EB005,FALSE,TRUE
06EB006,FALSE,TRUE
06EB007,FALSE,TRUE
06EB702,FALSE,TRUE
06EB703,FALSE,TRUE
06EB778,FALSE,TRUE
06EB779,FALSE,TRUE
06EC001,FALSE,TRUE
06EC002,FALSE,TRUE
06EC003,FALSE,TRUE
06EC004,FALSE,FALSE
06EC006,FALSE,TRUE
06EC007,FALSE,TRUE
06FA001,FALSE,FALSE
06FA703,FALSE,TRUE
06FB001,FALSE,TRUE
06FB002,TRUE,FALSE
06FB701,FALSE,TRUE
06FC001,FALSE,FALSE
06FD001,FALSE,TRUE
06FD002,FALSE,FALSE
06FD681,FALSE,TRUE
06FD702,FALSE,TRUE
06FD703,FALSE,TRUE
06GA001,FALSE,FALSE
06GB001,FALSE,FALSE
06GD001,TRUE,FALSE
06HA001,FALSE,FALSE
06HB002,FALSE,FALSE
06HD001,FALSE,FALSE
06HD002,FALSE,FALSE
06HE001,FALSE,FALSE
06JA001,FALSE,
06JB001,TRUE,FALSE
06JC002,FALSE,FALSE
06KB002,FALSE,FALSE
06KB003,FALSE,
06KC001,FALSE,FALSE
06KC002,FALSE,FALSE
06KC003,TRUE,FALSE
06KC004,FALSE,FALSE
06LA001,TRUE,FALSE
06LA002,FALSE,FALSE
06LA003,FALSE,FALSE
06LC001,TRUE,FALSE
06LC002,FALSE,FALSE
06LC003,FALSE,FALSE
06LC004,FALSE,FALSE
06MA001,FALSE,FALSE
06MA002,FALSE,FALSE
06MA003,FALSE,FALSE
06MA004,FALSE,FALSE
06MA005,FALSE,FALSE
06MA006,FALSE,FALSE
06MA007,FALSE,FALSE
06MB001,FALSE,FALSE
06NB001,FALSE,FALSE
06NB002,FALSE,FALSE
06NC001,FALSE,FALSE
06OA001,FALSE,FALSE
06OA002,FALSE,FALSE
06OA003,FALSE,FALSE
06OA004,FALSE,FALSE
06OA005,FALSE,FALSE
06OA006,FALSE,FALSE
06OA007,FALSE,FALSE
06PA001,FALSE,FALSE
06SA001,FALSE,FALSE
06SA002,FALSE,FALSE
06SB001,FALSE,FALSE
06SB002,FALSE,FALSE
07AA001,TRUE,FALSE
07AA002,TRUE,FALSE
07AA003,FALSE,FALSE
07AA004,FALSE,FALSE
07AA007,TRUE,FALSE
07AA008,FALSE,FALSE
07AA009,FALSE,FALSE
07AA010,FALSE,FALSE
07AB002,FALSE,FALSE
07AC001,FALSE,FALSE
07AC002,FALSE,FALSE
07AC003,FALSE,FALSE
07AC004,FALSE,FALSE
07AC005,FALSE,FALSE
07AC006,FALSE,FALSE
07AC007,FALSE,FALSE
07AC008,FALSE,FALSE
07AD001,FALSE,FALSE
07AD002,FALSE,FALSE
07AD003,FALSE,FALSE
07AD004,FALSE,FALSE
07AD005,FALSE,FALSE
07AD006,FALSE,FALSE
07AD007,FALSE,FALSE
07AD008,FALSE,FALSE
07AD009,FALSE,FALSE
07AD010,FALSE,FALSE
07AE001,FALSE,FALSE
07AE002,FALSE,FALSE
07AE003,FALSE,FALSE
07AF001,FALSE,FALSE
07AF002,FALSE,FALSE
07AF003,FALSE,FALSE
07AF004,FALSE,FALSE
07AF005,FALSE,FALSE
07AF008,FALSE,FALSE
07AF009,FALSE,FALSE
07AF010,TRUE,FALSE
07AF011,FALSE,FALSE
07AF012,FALSE,FALSE
07AF013,FALSE,FALSE
07AF014,FALSE,FALSE
07AF015,FALSE,FALSE
07AF016,FALSE,
07AF906,FALSE,
07AF907,FALSE,FALSE
07AF909,FALSE,FALSE
07AF910,FALSE,FALSE
07AG001,FALSE,FALSE
07AG002,FALSE,FALSE
07AG003,TRUE,FALSE
07AG004,FALSE,FALSE
07AG005,FALSE,FALSE
07AG006,FALSE,FALSE
07AG007,FALSE,FALSE
07AG008,FALSE,FALSE
07AH001,FALSE,FALSE
07AH002,TRUE,FALSE
07AH003,FALSE,FALSE
07BA001,FALSE,FALSE
07BA002,FALSE,FALSE
07BA003,FALSE,FALSE
07BB001,FALSE,FALSE
07BB002,TRUE,FALSE
07BB003,FALSE,FALSE
07BB004,FALSE,TRUE
07BB005,FALSE,FALSE
07BB006,FALSE,TRUE
07BB007,FALSE,FALSE
07BB008,FALSE,FALSE
07BB009,FALSE,FALSE
07BB010,FALSE,FALSE
07BB011,FALSE,FALSE
07BB012,FALSE,TRUE
07BB013,FALSE,TRUE
07BB014,FALSE,FALSE
07BB903,FALSE,FALSE
07BB914,FALSE,TRUE
07BC001,FALSE,FALSE
07BC002,FALSE,FALSE
07BC003,FALSE,FALSE
07BC004,FALSE,FALSE
07BC005,FALSE,FALSE
07BC006,FALSE,FALSE
07BC007,FALSE,FALSE
07BE001,FALSE,FALSE
07BE002,FALSE,
07BE003,TRUE,FALSE
07BE004,FALSE,FALSE
07BF001,FALSE,FALSE
07BF002,FALSE,FALSE
07BF004,FALSE,FALSE
07BF006,FALSE,TRUE
07BF007,FALSE,FALSE
07BF008,FALSE,TRUE
07BF009,FALSE,FALSE
07BF010,FALSE,FALSE
07BF901,FALSE,
07BF905,FALSE,
07BF910,FALSE,
07BG004,TRUE,FALSE
07BH001,FALSE,FALSE
07BH003,FALSE,FALSE
07BJ001,TRUE,FALSE
07BJ002,FALSE,FALSE
07BJ003,FALSE,FALSE
07BJ004,FALSE,FALSE
07BJ005,FALSE,
07BJ006,FALSE,FALSE
07BK001,FALSE,FALSE
07BK002,FALSE,FALSE
07BK003,FALSE,FALSE
07BK004,FALSE,FALSE
07BK005,FALSE,FALSE
07BK006,FALSE,FALSE
07BK007,FALSE,FALSE
07BK008,FALSE,TRUE
07BK009,FALSE,FALSE
07BK010,FALSE,
07BK012,FALSE,
07CA001,FALSE,FALSE
07CA002,FALSE,
07CA003,FALSE,FALSE
07CA004,FALSE,FALSE
07CA005,FALSE,FALSE
07CA006,FALSE,FALSE
07CA008,FALSE,FALSE
07CA010,FALSE,FALSE
07CA011,FALSE,FALSE
07CA012,FALSE,FALSE
07CA013,FALSE,FALSE
07CA901,FALSE,
07CB001,FALSE,FALSE
07CB002,FALSE,FALSE
07CC001,FALSE,FALSE
07CC002,FALSE,FALSE
07CD001,TRUE,FALSE
07CD002,FALSE,
07CD003,FALSE,FALSE
07CD004,FALSE,FALSE
07CD005,FALSE,FALSE
07CD006,FALSE,FALSE
07CD007,FALSE,FALSE
07CD008,FALSE,
07CD009,FALSE,
07CE001,FALSE,TRUE
07CE002,FALSE,FALSE
07CE003,FALSE,FALSE
07CE004,FALSE,FALSE
07CE005,FALSE,FALSE
07CE006,FALSE,FALSE
07CE007,FALSE,
07CE008,FALSE,
07CE010,FALSE,
07CE013,FALSE,
07CE906,FALSE,FALSE
07DA001,FALSE,FALSE
07DA002,FALSE,
07DA003,FALSE,FALSE
07DA004,FALSE,
07DA005,FALSE,TRUE
07DA006,FALSE,FALSE
07DA007,FALSE,TRUE
07DA008,FALSE,FALSE
07DA009,FALSE,FALSE
07DA010,FALSE,FALSE
07DA011,FALSE,FALSE
07DA012,FALSE,FALSE
07DA013,FALSE,FALSE
07DA014,FALSE,FALSE
07DA015,FALSE,FALSE
07DA016,FALSE,FALSE
07DA017,FALSE,FALSE
07DA018,FALSE,FALSE
07DA019,FALSE,FALSE
07DA020,FALSE,FALSE
07DA021,FALSE,FALSE
07DA022,FALSE,FALSE
07DA023,FALSE,
07DA024,FALSE,
07DA025,FALSE,
07DA026,FALSE,FALSE
07DA027,FALSE,FALSE
07DA028,FALSE,
07DA029,FALSE,FALSE
07DA030,FALSE,FALSE
07DA032,FALSE,
07DA033,FALSE,
07DA034,FALSE,FALSE
07DA035,FALSE,FALSE
07DA037,FALSE,
07DA038,FALSE,FALSE
07DA039,FALSE,
07DA040,FALSE,FALSE
07DA041,FALSE,
07DA042,FALSE,FALSE
07DA044,FALSE,
07DA045,FALSE,
07DB001,FALSE,FALSE
07DB002,FALSE,FALSE
07DB003,FALSE,FALSE
07DB004,FALSE,FALSE
07DB005,FALSE,FALSE
07DB006,FALSE,FALSE
07DC001,FALSE,FALSE
07DC002,FALSE,FALSE
07DC003,FALSE,
07DC004,FALSE,FALSE
07DD001,FALSE,FALSE
07DD002,TRUE,FALSE
07DD003,FALSE,FALSE
07DD004,FALSE,FALSE
07DD005,FALSE,FALSE
07DD006,FALSE,FALSE
07DD007,FALSE,FALSE
07DD008,FALSE,FALSE
07DD009,FALSE,FALSE
07DD010,FALSE,FALSE
07DD011,FALSE,FALSE
07EA001,FALSE,FALSE
07EA002,FALSE,FALSE
07EA004,FALSE,FALSE
07EA005,FALSE,FALSE
07EA006,FALSE,TRUE
07EA007,FALSE,FALSE
07EB001,FALSE,FALSE
07EB002,FALSE,FALSE
07EC001,FALSE,FALSE
07EC002,TRUE,FALSE
07EC003,FALSE,FALSE
07EC004,FALSE,FALSE
07ED001,FALSE,FALSE
07ED002,FALSE,TRUE
07ED003,FALSE,FALSE
07EE002,FALSE,FALSE
07EE003,FALSE,FALSE
07EE004,FALSE,FALSE
07EE005,FALSE,FALSE
07EE007,TRUE,FALSE
07EE008,FALSE,TRUE
07EE009,TRUE,FALSE
07EE010,FALSE,FALSE
07EE011,FALSE,FALSE
07EF001,FALSE,TRUE
07EF002,FALSE,TRUE
07EF003,FALSE,TRUE
07EF004,FALSE,FALSE
07FA001,FALSE,FALSE
07FA003,FALSE,FALSE
07FA004,FALSE,TRUE
07FA005,FALSE,FALSE
07FA006,FALSE,FALSE
07FA007,FALSE,FALSE
07FB001,TRUE,FALSE
07FB002,FALSE,FALSE
07FB003,FALSE,FALSE
07FB004,TRUE,FALSE
07FB005,FALSE,FALSE
07FB006,FALSE,FALSE
07FB007,FALSE,FALSE
07FB008,TRUE,FALSE
07FB009,FALSE,FALSE
07FB010,FALSE,FALSE
07FB011,FALSE,FALSE
07FC001,FALSE,FALSE
07FC002,FALSE,FALSE
07FC003,TRUE,FALSE
07FC004,FALSE,TRUE
07FC005,FALSE,TRUE
07FC006,FALSE,FALSE
07FC007,FALSE,FALSE
07FD001,FALSE,FALSE
07FD002,FALSE,TRUE
07FD003,FALSE,TRUE
07FD004,FALSE,FALSE
07FD005,FALSE,FALSE
07FD006,FALSE,FALSE
07FD007,FALSE,FALSE
07FD008,FALSE,FALSE
07FD009,FALSE,FALSE
07FD010,FALSE,TRUE
07FD011,TRUE,FALSE
07FD012,FALSE,FALSE
07FD013,FALSE,FALSE
07FD014,FALSE,FALSE
07FD015,FALSE,FALSE
07FD016,FALSE,FALSE
07FD017,FALSE,TRUE
07FD019,FALSE,FALSE
07FD020,FALSE,
07FD901,FALSE,TRUE
07FD908,FALSE,FALSE
07FD910,FALSE,FALSE
07FD912,FALSE,FALSE
07FD913,FALSE,FALSE
07FD921,FALSE,FALSE
07FD934,FALSE,TRUE
07GA001,FALSE,FALSE
07GA002,FALSE,FALSE
07GB001,FALSE,FALSE
07GB002,FALSE,FALSE
07GB003,FALSE,FALSE
07GC001,FALSE,FALSE
07GC002,FALSE,FALSE
07GD001,FALSE,FALSE
07GD002,FALSE,FALSE
07GD003,FALSE,FALSE
07GD004,FALSE,FALSE
07GE001,FALSE,FALSE
07GE002,FALSE,TRUE
07GE003,FALSE,FALSE
07GE004,FALSE,
07GE005,FALSE,FALSE
07GE006,FALSE,FALSE
07GE007,FALSE,FALSE
07GF001,FALSE,FALSE
07GF002,FALSE,FALSE
07GF003,FALSE,FALSE
07GF004,FALSE,FALSE
07GF005,FALSE,FALSE
07GF006,FALSE,FALSE
07GF007,FALSE,FALSE
07GF008,FALSE,FALSE
07GG001,TRUE,FALSE
07GG002,FALSE,FALSE
07GG003,FALSE,FALSE
07GH001,FALSE,FALSE
07GH002,FALSE,FALSE
07GH003,FALSE,FALSE
07GH004,FALSE,FALSE
07GH005,FALSE,FALSE
07GH906,FALSE,FALSE
07GJ001,FALSE,FALSE
07GJ004,FALSE,FALSE
07GJ005,FALSE,FALSE
07HA001,FALSE,TRUE
07HA002,FALSE,FALSE
07HA003,FALSE,FALSE
07HA005,FALSE,FALSE
07HA902,FALSE,FALSE
07HA914,FALSE,
07HB001,FALSE,FALSE
07HB002,FALSE,FALSE
07HC001,FALSE,FALSE
07HC002,FALSE,FALSE
07HC907,FALSE,FALSE
07HD001,FALSE,TRUE
07HF001,FALSE,TRUE
07HF002,FALSE,FALSE
07JA001,FALSE,FALSE
07JA002,FALSE,FALSE
07JA003,FALSE,FALSE
07JB001,FALSE,FALSE
07JB002,FALSE,FALSE
07JC001,TRUE,FALSE
07JC002,FALSE,FALSE
07JC003,FALSE,FALSE
07JD001,FALSE,FALSE
07JD002,FALSE,FALSE
07JD003,FALSE,FALSE
07JD004,FALSE,FALSE
07JF002,TRUE,FALSE
07JF003,FALSE,FALSE
07JF004,FALSE,FALSE
07JF005,FALSE,
07KA002,FALSE,FALSE
07KC001,FALSE,TRUE
07KC003,FALSE,TRUE
07KC004,FALSE,TRUE
07KC005,FALSE,TRUE
07KE001,TRUE,FALSE
07KF001,FALSE,TRUE
07KF002,FALSE,TRUE
07KF003,FALSE,TRUE
07KF004,FALSE,TRUE
07KF005,FALSE,TRUE
07KF006,FALSE,TRUE
07KF007,FALSE,TRUE
07KF008,FALSE,TRUE
07KF010,FALSE,TRUE
07KF013,FALSE,TRUE
07KF014,FALSE,TRUE
07KF015,FALSE,FALSE
07LB001,FALSE,FALSE
07LB002,FALSE,FALSE
07LC002,FALSE,FALSE
07LC003,FALSE,FALSE
07LD001,FALSE,FALSE
07LD002,FALSE,FALSE
07LD003,FALSE,FALSE
07LE001,FALSE,FALSE
07LE002,TRUE,FALSE
07LE003,FALSE,FALSE
07LE004,FALSE,FALSE
07MA003,FALSE,FALSE
07MA004,FALSE,FALSE
07MA005,FALSE,FALSE
07MB001,FALSE,FALSE
07MC001,FALSE,FALSE
07MC002,FALSE,FALSE
07MC003,FALSE,TRUE
07MD001,FALSE,TRUE
07MD002,FALSE,TRUE
07NA001,FALSE,TRUE
07NA002,FALSE,TRUE
07NA003,FALSE,TRUE
07NA004,FALSE,TRUE
07NA005,FALSE,TRUE
07NA007,FALSE,TRUE
07NA008,FALSE,TRUE
07NB001,FALSE,TRUE
07NB002,FALSE,FALSE
07NB003,FALSE,TRUE
07NB004,FALSE,FALSE
07NB005,FALSE,FALSE
07NB006,FALSE,FALSE
07NB007,FALSE,FALSE
07NB008,FALSE,FALSE
07NC001,FALSE,TRUE
07NC002,FALSE,TRUE
07NC003,FALSE,TRUE
07NC004,FALSE,TRUE
07NC005,FALSE,TRUE
07NC006,FALSE,TRUE
07NC007,FALSE,TRUE
07NC008,FALSE,TRUE
07NC009,FALSE,TRUE
07OA001,TRUE,FALSE
07OB001,TRUE,FALSE
07OB002,FALSE,TRUE
07OB003,TRUE,FALSE
07OB004,FALSE,FALSE
07OB005,FALSE,FALSE
07OB006,FALSE,FALSE
07OB007,FALSE,FALSE
07OB008,FALSE,FALSE
07OC001,FALSE,FALSE
07PA001,FALSE,FALSE
07PA002,FALSE,FALSE
07PB001,FALSE,TRUE
07PB002,FALSE,FALSE
07PC001,FALSE,FALSE
07QA001,FALSE,TRUE
07QB001,FALSE,TRUE
07QB002,FALSE,FALSE
07QC001,FALSE,FALSE
07QC002,FALSE,TRUE
07QC003,FALSE,FALSE
07QC004,FALSE,FALSE
07QC005,FALSE,FALSE
07QC006,FALSE,FALSE
07QC007,FALSE,
07QC008,FALSE,FALSE
07QD002,FALSE,FALSE
07QD003,FALSE,TRUE
07QD004,FALSE,FALSE
07QD005,FALSE,FALSE
07QD006,FALSE,FALSE
07QD007,FALSE,TRUE
07RB001,FALSE,FALSE
07RC001,FALSE,FALSE
07RC002,FALSE,FALSE
07RC003,FALSE,
07RD001,TRUE,FALSE
07SA001,FALSE,FALSE
07SA002,FALSE,FALSE
07SA003,FALSE,TRUE
07SA004,FALSE,FALSE
07SA005,FALSE,FALSE
07SA008,FALSE,FALSE
07SB001,FALSE,TRUE
07SB002,FALSE,TRUE
07SB003,FALSE,TRUE
07SB004,FALSE,FALSE
07SB005,FALSE,TRUE
07SB006,FALSE,TRUE
07SB007,FALSE,FALSE
07SB008,FALSE,FALSE
07SB009,FALSE,FALSE
07SB010,TRUE,FALSE
07SB011,FALSE,FALSE
07SB012,FALSE,TRUE
07SB013,TRUE,FALSE
07SB014,FALSE,TRUE
07SB015,FALSE,TRUE
07SB017,FALSE,FALSE
07SB019,FALSE,FALSE
07SB020,FALSE,FALSE
07SC001,FALSE,FALSE
07SC002,FALSE,FALSE
07SC003,FALSE,TRUE
07SC004,FALSE,FALSE
07SC005,FALSE,FALSE
07SC006,FALSE,
07TA001,FALSE,FALSE
07TA002,FALSE,FALSE
07TB001,FALSE,FALSE
07UB001,FALSE,TRUE
07UC001,FALSE,FALSE
07UC002,FALSE,FALSE
08AA001,FALSE,TRUE
08AA003,FALSE,TRUE
08AA004,FALSE,FALSE
08AA005,FALSE,TRUE
08AA007,FALSE,FALSE
08AA008,FALSE,FALSE
08AA009,TRUE,FALSE
08AA010,FALSE,TRUE
08AA011,FALSE,FALSE
08AA012,FALSE,TRUE
08AB001,FALSE,FALSE
08AB002,FALSE,FALSE
08AC001,TRUE,FALSE
08AC002,FALSE,FALSE
08BB001,FALSE,FALSE
08BB002,FALSE,FALSE
08BB003,FALSE,FALSE
08BB004,FALSE,FALSE
08BB005,TRUE,FALSE
08CA001,FALSE,FALSE
08CA002,FALSE,FALSE
08CA003,FALSE,FALSE
08CB001,FALSE,FALSE
08CB002,FALSE,FALSE
08CC001,FALSE,FALSE
08CC002,FALSE,FALSE
08CC003,FALSE,FALSE
08CD001,TRUE,FALSE
08CE001,FALSE,FALSE
08CE004,FALSE,FALSE
08CE005,FALSE,FALSE
08CF001,FALSE,FALSE
08CF002,FALSE,FALSE
08CF003,FALSE,FALSE
08CG001,TRUE,FALSE
08CG002,FALSE,FALSE
08CG003,FALSE,FALSE
08CG004,FALSE,FALSE
08CG005,FALSE,FALSE
08CG006,FALSE,FALSE
08CG007,FALSE,FALSE
08DA003,FALSE,FALSE
08DA005,TRUE,FALSE
08DA006,FALSE,FALSE
08DA007,FALSE,FALSE
08DA008,FALSE,FALSE
08DA009,FALSE,FALSE
08DA010,FALSE,FALSE
08DA011,FALSE,FALSE
08DA012,FALSE,FALSE
08DB001,TRUE,FALSE
08DB002,FALSE,FALSE
08DB003,FALSE,FALSE
08DB004,FALSE,FALSE
08DB008,FALSE,FALSE
08DB009,FALSE,FALSE
08DB010,FALSE,FALSE
08DB011,FALSE,FALSE
08DB012,FALSE,FALSE
08DB013,TRUE,FALSE
08DB014,FALSE,FALSE
08DC001,FALSE,FALSE
08DC002,FALSE,FALSE
08DC003,FALSE,FALSE
08DC006,FALSE,FALSE
08DD001,FALSE,FALSE
08EB001,FALSE,FALSE
08EB003,FALSE,FALSE
08EB004,TRUE,FALSE
08EB005,FALSE,FALSE
08EB006,FALSE,FALSE
08EB007,FALSE,FALSE
08EC001,FALSE,FALSE
08EC002,FALSE,TRUE
08EC003,FALSE,FALSE
08EC004,FALSE,TRUE
08EC005,FALSE,FALSE
08EC006,FALSE,FALSE
08EC007,FALSE,TRUE
08EC008,FALSE,FALSE
08EC009,FALSE,FALSE
08EC010,FALSE,FALSE
08EC011,FALSE,FALSE
08EC012,FALSE,FALSE
08EC013,FALSE,FALSE
08EC014,FALSE,FALSE
08ED001,TRUE,FALSE
08ED002,FALSE,FALSE
08ED003,FALSE,FALSE
08ED004,FALSE,FALSE
08EE001,FALSE,FALSE
08EE002,FALSE,FALSE
08EE003,FALSE,FALSE
08EE004,FALSE,FALSE
08EE005,FALSE,FALSE
08EE006,FALSE,FALSE
08EE007,FALSE,FALSE
08EE008,TRUE,FALSE
08EE009,FALSE,FALSE
08EE010,FALSE,FALSE
08EE011,FALSE,FALSE
08EE012,TRUE,FALSE
08EE013,FALSE,FALSE
08EE014,FALSE,TRUE
08EE015,FALSE,FALSE
08EE016,FALSE,FALSE
08EE017,FALSE,FALSE
08EE018,FALSE,FALSE
08EE019,FALSE,FALSE
08EE020,FALSE,FALSE
08EE021,FALSE,TRUE
08EE022,FALSE,TRUE
08EE023,FALSE,FALSE
08EE024,FALSE,FALSE
08EE025,TRUE,FALSE
08EE026,FALSE,FALSE
08EE027,FALSE,FALSE
08EE028,FALSE,FALSE
08EF001,FALSE,FALSE
08EF003,FALSE,FALSE
08EF004,FALSE,FALSE
08EF005,FALSE,FALSE
08EF006,FALSE,FALSE
08EG001,FALSE,FALSE
08EG002,FALSE,TRUE
08EG003,FALSE,FALSE
08EG004,FALSE,FALSE
08EG006,FALSE,FALSE
08EG007,FALSE,FALSE
08EG008,FALSE,FALSE
08EG010,FALSE,FALSE
08EG011,FALSE,FALSE
08EG012,TRUE,FALSE
08EG013,FALSE,FALSE
08EG014,FALSE,FALSE
08EG015,FALSE,TRUE
08EG016,FALSE,TRUE
08EG017,FALSE,FALSE
08EG018,FALSE,FALSE
08EG019,FALSE,FALSE
08FA001,FALSE,FALSE
08FA002,FALSE,FALSE
08FA004,FALSE,FALSE
08FA005,FALSE,FALSE
08FA006,FALSE,FALSE
08FA007,FALSE,FALSE
08FA008,FALSE,FALSE
08FA009,FALSE,FALSE
08FB001,FALSE,FALSE
08FB002,FALSE,FALSE
08FB003,FALSE,FALSE
08FB004,FALSE,FALSE
08FB005,FALSE,FALSE
08FB006,TRUE,FALSE
08FB007,FALSE,FALSE
08FB008,FALSE,FALSE
08FB009,FALSE,FALSE
08FB010,FALSE,TRUE
08FB011,FALSE,
08FC001,FALSE,FALSE
08FC002,FALSE,FALSE
08FC003,FALSE,FALSE
08FC004,FALSE,FALSE
08FC005,FALSE,FALSE
08FD002,FALSE,FALSE
08FE001,FALSE,FALSE
08FE002,FALSE,TRUE
08FE003,TRUE,FALSE
08FF001,FALSE,FALSE
08FF002,FALSE,FALSE
08FF003,TRUE,FALSE
08FF004,FALSE,FALSE
08FF005,FALSE,FALSE
08FF006,TRUE,FALSE
08GA001,FALSE,FALSE
08GA002,FALSE,FALSE
08GA003,FALSE,FALSE
08GA004,FALSE,FALSE
08GA005,FALSE,FALSE
08GA006,FALSE,FALSE
08GA007,FALSE,FALSE
08GA008,FALSE,FALSE
08GA009,FALSE,FALSE
08GA010,FALSE,TRUE
08GA011,FALSE,FALSE
08GA012,FALSE,TRUE
08GA013,FALSE,TRUE
08GA014,FALSE,FALSE
08GA015,FALSE,FALSE
08GA016,FALSE,FALSE
08GA017,FALSE,TRUE
08GA018,FALSE,FALSE
08GA019,FALSE,TRUE
08GA020,FALSE,TRUE
08GA021,FALSE,FALSE
08GA022,FALSE,TRUE
08GA023,FALSE,FALSE
08GA024,FALSE,FALSE
08GA025,FALSE,TRUE
08GA026,FALSE,FALSE
08GA027,FALSE,FALSE
08GA028,FALSE,TRUE
08GA030,FALSE,TRUE
08GA031,FALSE,TRUE
08GA032,FALSE,FALSE
08GA033,FALSE,FALSE
08GA034,FALSE,FALSE
08GA035,FALSE,FALSE
08GA036,FALSE,FALSE
08GA037,FALSE,FALSE
08GA038,FALSE,FALSE
08GA039,FALSE,FALSE
08GA040,FALSE,FALSE
08GA041,FALSE,FALSE
08GA043,FALSE,TRUE
08GA045,FALSE,TRUE
08GA046,FALSE,TRUE
08GA047,FALSE,FALSE
08GA048,FALSE,FALSE
08GA049,FALSE,FALSE
08GA050,FALSE,FALSE
08GA051,FALSE,FALSE
08GA052,FALSE,FALSE
08GA053,FALSE,TRUE
08GA054,FALSE,FALSE
08GA055,FALSE,FALSE
08GA056,FALSE,FALSE
08GA057,FALSE,FALSE
08GA058,FALSE,TRUE
08GA059,FALSE,TRUE
08GA060,FALSE,FALSE
08GA061,FALSE,FALSE
08GA062,FALSE,FALSE
08GA063,FALSE,FALSE
08GA064,FALSE,FALSE
08GA065,FALSE,FALSE
08GA067,FALSE,FALSE
08GA068,FALSE,TRUE
08GA069,FALSE,TRUE
08GA070,FALSE,TRUE
08GA071,FALSE,FALSE
08GA072,FALSE,FALSE
08GA075,FALSE,FALSE
08GA076,FALSE,TRUE
08GA077,FALSE,FALSE
08GA078,FALSE,TRUE
08GA079,FALSE,FALSE
08GB003,FALSE,TRUE
08GB005,FALSE,FALSE
08GB006,FALSE,FALSE
08GB007,FALSE,TRUE
08GB008,FALSE,FALSE
08GB009,FALSE,FALSE
08GB010,FALSE,FALSE
08GB011,FALSE,FALSE
08GB012,FALSE,FALSE
08GB013,FALSE,FALSE
08GB014,FALSE,FALSE
08GC003,FALSE,FALSE
08GC004,FALSE,TRUE
08GC005,FALSE,TRUE
08GC006,FALSE,TRUE
08GC007,FALSE,TRUE
08GC008,FALSE,FALSE
08GD003,FALSE,FALSE
08GD004,TRUE,FALSE
08GD005,FALSE,FALSE
08GD006,FALSE,FALSE
08GD007,FALSE,FALSE
08GD008,FALSE,FALSE
08GD009,FALSE,FALSE
08GD010,FALSE,FALSE
08GE001,FALSE,FALSE
08GE002,FALSE,FALSE
08GE003,FALSE,FALSE
08GF001,FALSE,FALSE
08GF003,FALSE,FALSE
08GF004,FALSE,FALSE
08GF005,FALSE,FALSE
08GF006,FALSE,FALSE
08GF007,FALSE,FALSE
08GF008,FALSE,FALSE
08GF009,FALSE,
08HA001,TRUE,FALSE
08HA002,FALSE,TRUE
08HA003,TRUE,FALSE
08HA004,FALSE,TRUE
08HA005,FALSE,TRUE
08HA006,FALSE,TRUE
08HA007,FALSE,FALSE
08HA008,FALSE,FALSE
08HA009,FALSE,TRUE
08HA010,FALSE,FALSE
08HA011,FALSE,TRUE
08HA013,FALSE,FALSE
08HA014,FALSE,TRUE
08HA015,FALSE,TRUE
08HA016,FALSE,FALSE
08HA017,FALSE,FALSE
08HA018,FALSE,TRUE
08HA019,FALSE,FALSE
08HA020,FALSE,FALSE
08HA021,FALSE,TRUE
08HA022,FALSE,FALSE
08HA023,FALSE,FALSE
08HA024,FALSE,FALSE
08HA025,FALSE,FALSE
08HA026,FALSE,FALSE
08HA027,FALSE,FALSE
08HA028,FALSE,FALSE
08HA031,FALSE,FALSE
08HA032,FALSE,TRUE
08HA033,FALSE,TRUE
08HA034,FALSE,FALSE
08HA036,FALSE,TRUE
08HA037,FALSE,TRUE
08HA038,FALSE,FALSE
08HA039,FALSE,TRUE
08HA040,FALSE,TRUE
08HA041,FALSE,TRUE
08HA042,FALSE,FALSE
08HA043,FALSE,FALSE
08HA044,FALSE,TRUE
08HA045,FALSE,FALSE
08HA046,FALSE,TRUE
08HA047,FALSE,TRUE
08HA048,FALSE,FALSE
08HA049,FALSE,FALSE
08HA050,FALSE,FALSE
08HA051,FALSE,FALSE
08HA052,FALSE,FALSE
08HA053,FALSE,FALSE
08HA054,FALSE,TRUE
08HA055,FALSE,TRUE
08HA056,FALSE,FALSE
08HA057,FALSE,FALSE
08HA058,FALSE,FALSE
08HA059,FALSE,TRUE
08HA060,FALSE,TRUE
08HA063,FALSE,TRUE
08HA064,FALSE,FALSE
08HA065,FALSE,TRUE
08HA066,FALSE,FALSE
08HA067,FALSE,FALSE
08HA068,TRUE,FALSE
08HA069,FALSE,FALSE
08HA070,FALSE,FALSE
08HA071,FALSE,TRUE
08HA072,FALSE,FALSE
08HA073,FALSE,
08HB001,FALSE,TRUE
08HB002,FALSE,TRUE
08HB003,FALSE,FALSE
08HB004,FALSE,TRUE
08HB005,FALSE,TRUE
08HB006,FALSE,TRUE
08HB007,FALSE,TRUE
08HB008,FALSE,TRUE
08HB009,FALSE,TRUE
08HB010,FALSE,TRUE
08HB011,FALSE,TRUE
08HB012,FALSE,FALSE
08HB014,FALSE,FALSE
08HB015,FALSE,TRUE
08HB016,FALSE,TRUE
08HB017,FALSE,TRUE
08HB018,FALSE,FALSE
08HB019,FALSE,FALSE
08HB021,FALSE,FALSE
08HB022,FALSE,TRUE
08HB023,FALSE,TRUE
08HB024,FALSE,FALSE
08HB025,TRUE,FALSE
08HB026,FALSE,FALSE
08HB027,FALSE,FALSE
08HB028,FALSE,FALSE
08HB029,FALSE,TRUE
08HB030,FALSE,TRUE
08HB031,FALSE,TRUE
08HB032,FALSE,FALSE
08HB033,FALSE,TRUE
08HB034,FALSE,TRUE
08HB035,FALSE,FALSE
08HB036,FALSE,FALSE
08HB037,FALSE,FALSE
08HB038,FALSE,FALSE
08HB039,FALSE,FALSE
08HB040,FALSE,FALSE
08HB041,FALSE,TRUE
08HB042,FALSE,FALSE
08HB043,FALSE,FALSE
08HB044,FALSE,FALSE
08HB045,FALSE,FALSE
08HB046,FALSE,TRUE
08HB047,FALSE,FALSE
08HB048,FALSE,FALSE
08HB050,FALSE,FALSE
08HB051,FALSE,FALSE
08HB052,FALSE,FALSE
08HB053,FALSE,TRUE
08HB054,FALSE,TRUE
08HB055,FALSE,FALSE
08HB056,FALSE,FALSE
08HB057,FALSE,FALSE
08HB058,FALSE,FALSE
08HB059,FALSE,FALSE
08HB060,FALSE,FALSE
08HB062,FALSE,FALSE
08HB063,FALSE,FALSE
08HB064,FALSE,FALSE
08HB066,FALSE,TRUE
08HB068,FALSE,FALSE
08HB069,FALSE,FALSE
08HB070,FALSE,FALSE
08HB071,FALSE,FALSE
08HB072,FALSE,FALSE
08HB073,FALSE,FALSE
08HB074,FALSE,FALSE
08HB075,TRUE,FALSE
08HB076,FALSE,TRUE
08HB077,FALSE,TRUE
08HB078,FALSE,FALSE
08HB079,FALSE,FALSE
08HB080,FALSE,FALSE
08HB082,FALSE,FALSE
08HB083,FALSE,TRUE
08HB084,FALSE,TRUE
08HB086,TRUE,FALSE
08HB087,FALSE,FALSE
08HB088,FALSE,FALSE
08HB089,FALSE,FALSE
08HB090,FALSE,TRUE
08HB091,FALSE,FALSE
08HB092,FALSE,TRUE
08HB093,FALSE,FALSE
08HB094,FALSE,FALSE
08HB095,FALSE,FALSE
08HB096,FALSE,FALSE
08HB097,FALSE,FALSE
08HB098,FALSE,FALSE
08HB099,FALSE,TRUE
08HC001,FALSE,TRUE
08HC002,FALSE,FALSE
08HC003,FALSE,FALSE
08HC004,FALSE,FALSE
08HC005,FALSE,TRUE
08HC006,FALSE,FALSE
08HC007,FALSE,TRUE
08HC008,FALSE,FALSE
08HC009,FALSE,FALSE
08HC010,FALSE,FALSE
08HC011,FALSE,FALSE
08HD001,FALSE,FALSE
08HD002,FALSE,FALSE
08HD003,FALSE,TRUE
08HD004,FALSE,FALSE
08HD005,FALSE,TRUE
08HD006,FALSE,TRUE
08HD007,FALSE,FALSE
08HD008,FALSE,FALSE
08HD009,FALSE,FALSE
08HD011,FALSE,FALSE
08HD012,FALSE,FALSE
08HD013,FALSE,FALSE
08HD014,FALSE,TRUE
08HD015,FALSE,FALSE
08HD016,FALSE,FALSE
08HD017,FALSE,FALSE
08HD018,FALSE,TRUE
08HD020,FALSE,TRUE
08HD021,FALSE,TRUE
08HD022,FALSE,TRUE
08HD023,FALSE,FALSE
08HD024,FALSE,
08HD025,FALSE,TRUE
08HD026,FALSE,TRUE
08HD027,FALSE,TRUE
08HD029,FALSE,TRUE
08HD030,FALSE,TRUE
08HD031,FALSE,TRUE
08HD032,FALSE,
08HD033,FALSE,TRUE
08HD034,FALSE,
08HD035,FALSE,TRUE
08HDX03,FALSE,
08HDX05,FALSE,
08HE001,FALSE,TRUE
08HE002,FALSE,TRUE
08HE003,FALSE,FALSE
08HE004,FALSE,FALSE
08HE006,FALSE,TRUE
08HE007,FALSE,FALSE
08HE008,FALSE,FALSE
08HE009,FALSE,FALSE
08HE010,FALSE,FALSE
08HF001,FALSE,FALSE
08HF002,FALSE,FALSE
08HF003,FALSE,FALSE
08HF004,TRUE,FALSE
08HF005,FALSE,FALSE
08HF006,FALSE,FALSE
08HF007,FALSE,FALSE
08HF008,FALSE,FALSE
08HF011,FALSE,FALSE
08HF012,FALSE,FALSE
08HF013,FALSE,FALSE
08HF014,FALSE,TRUE
08HF015,FALSE,
08JA001,FALSE,TRUE
08JA002,FALSE,FALSE
08JA003,FALSE,FALSE
08JA004,FALSE,FALSE
08JA005,FALSE,FALSE
08JA006,FALSE,FALSE
08JA007,FALSE,FALSE
08JA009,FALSE,FALSE
08JA010,FALSE,FALSE
08JA011,FALSE,FALSE
08JA013,FALSE,TRUE
08JA014,FALSE,FALSE
08JA015,FALSE,FALSE
08JA016,FALSE,FALSE
08JA017,FALSE,TRUE
08JA018,FALSE,TRUE
08JA019,FALSE,FALSE
08JA020,FALSE,FALSE
08JA021,FALSE,FALSE
08JA022,FALSE,TRUE
08JA023,FALSE,TRUE
08JA024,FALSE,FALSE
08JA025,FALSE,FALSE
08JA026,FALSE,FALSE
08JA027,FALSE,TRUE
08JA028,FALSE,FALSE
08JA029,FALSE,FALSE
08JA030,FALSE,TRUE
08JB001,FALSE,FALSE
08JB002,TRUE,FALSE
08JB003,FALSE,FALSE
08JB004,FALSE,FALSE
08JB005,FALSE,FALSE
08JB006,FALSE,FALSE
08JB007,FALSE,TRUE
08JB008,FALSE,TRUE
08JB011,FALSE,FALSE
08JB012,FALSE,FALSE
08JB013,FALSE,FALSE
08JB014,FALSE,TRUE
08JC001,FALSE,TRUE
08JC002,FALSE,TRUE
08JC005,FALSE,FALSE
08JC006,FALSE,TRUE
08JC007,FALSE,FALSE
08JC008,FALSE,TRUE
08JC009,FALSE,FALSE
08JC010,FALSE,FALSE
08JC011,FALSE,FALSE
08JC013,FALSE,FALSE
08JC014,FALSE,FALSE
08JC015,FALSE,FALSE
08JC016,FALSE,FALSE
08JC017,FALSE,FALSE
08JD006,TRUE,FALSE
08JE001,TRUE,FALSE
08JE002,FALSE,FALSE
08JE003,FALSE,FALSE
08JE004,TRUE,FALSE
08JE005,FALSE,FALSE
08KA001,FALSE,FALSE
08KA003,FALSE,FALSE
08KA004,FALSE,FALSE
08KA005,FALSE,FALSE
08KA007,FALSE,FALSE
08KA008,FALSE,FALSE
08KA009,FALSE,FALSE
08KA010,FALSE,FALSE
08KA011,FALSE,FALSE
08KA012,FALSE,FALSE
08KA013,FALSE,FALSE
08KB001,FALSE,FALSE
08KB003,TRUE,FALSE
08KB005,FALSE,FALSE
08KB006,FALSE,FALSE
08KC001,FALSE,FALSE
08KC002,FALSE,FALSE
08KC003,FALSE,FALSE
08KD001,FALSE,FALSE
08KD002,FALSE,FALSE
08KD003,FALSE,FALSE
08KD004,FALSE,FALSE
08KD005,FALSE,FALSE
08KD006,FALSE,FALSE
08KD007,FALSE,FALSE
08KE001,FALSE,TRUE
08KE002,FALSE,TRUE
08KE003,FALSE,FALSE
08KE004,FALSE,FALSE
08KE005,FALSE,FALSE
08KE006,FALSE,TRUE
08KE008,FALSE,FALSE
08KE009,FALSE,FALSE
08KE014,FALSE,FALSE
08KE015,FALSE,FALSE
08KE016,TRUE,FALSE
08KE017,FALSE,TRUE
08KE018,FALSE,TRUE
08KE019,FALSE,FALSE
08KE020,FALSE,FALSE
08KE022,FALSE,FALSE
08KE023,FALSE,TRUE
08KE024,FALSE,FALSE
08KE025,FALSE,FALSE
08KE026,FALSE,FALSE
08KE027,FALSE,TRUE
08KE028,FALSE,FALSE
08KE029,FALSE,FALSE
08KE030,FALSE,TRUE
08KE031,FALSE,FALSE
08KE032,FALSE,FALSE
08KE033,FALSE,FALSE
08KE034,FALSE,FALSE
08KE035,FALSE,FALSE
08KE036,FALSE,FALSE
08KE037,FALSE,FALSE
08KF001,FALSE,FALSE
08KG001,FALSE,FALSE
08KG003,FALSE,FALSE
08KG004,FALSE,FALSE
08KH001,FALSE,FALSE
08KH002,FALSE,FALSE
08KH003,FALSE,FALSE
08KH004,FALSE,FALSE
08KH005,FALSE,FALSE
08KH006,FALSE,FALSE
08KH007,FALSE,FALSE
08KH008,FALSE,FALSE
08KH010,FALSE,FALSE
08KH011,FALSE,FALSE
08KH013,FALSE,FALSE
08KH014,FALSE,FALSE
08KH015,FALSE,FALSE
08KH016,FALSE,TRUE
08KH017,FALSE,FALSE
08KH018,FALSE,FALSE
08KH019,FALSE,FALSE
08KH020,FALSE,TRUE
08KH021,FALSE,FALSE
08KH022,FALSE,FALSE
08KH023,FALSE,FALSE
08KH024,FALSE,FALSE
08KH025,FALSE,FALSE
08KH026,FALSE,FALSE
08KH027,FALSE,FALSE
08KH028,FALSE,TRUE
08KH029,FALSE,FALSE
08KH030,FALSE,FALSE
08KH031,FALSE,FALSE
08LA001,TRUE,FALSE
08LA002,FALSE,FALSE
08LA003,FALSE,FALSE
08LA004,FALSE,FALSE
08LA005,FALSE,TRUE
08LA006,FALSE,FALSE
08LA007,FALSE,FALSE
08LA008,FALSE,FALSE
08LA009,FALSE,FALSE
08LA010,FALSE,FALSE
08LA011,FALSE,FALSE
08LA012,FALSE,FALSE
08LA013,FALSE,FALSE
08LA014,FALSE,FALSE
08LA015,FALSE,FALSE
08LA016,FALSE,FALSE
08LA017,FALSE,TRUE
08LA018,FALSE,FALSE
08LA019,FALSE,TRUE
08LA020,FALSE,TRUE
08LA021,FALSE,TRUE
08LA022,FALSE,FALSE
08LA023,FALSE,TRUE
08LA024,FALSE,TRUE
08LA025,FALSE,FALSE
08LA026,FALSE,FALSE
08LA027,FALSE,FALSE
08LA028,FALSE,FALSE
08LA029,FALSE,FALSE
08LB001,FALSE,FALSE
08LB003,FALSE,TRUE
08LB004,FALSE,TRUE
08LB005,FALSE,TRUE
08LB006,FALSE,TRUE
08LB007,FALSE,TRUE
08LB008,FALSE,TRUE
08LB009,FALSE,TRUE
08LB010,FALSE,FALSE
08LB011,FALSE,FALSE
08LB012,FALSE,FALSE
08LB013,FALSE,TRUE
08LB015,FALSE,FALSE
08LB016,FALSE,FALSE
08LB017,FALSE,FALSE
08LB019,FALSE,FALSE
08LB020,FALSE,FALSE
08LB021,FALSE,TRUE
08LB022,FALSE,FALSE
08LB023,FALSE,TRUE
08LB024,FALSE,FALSE
08LB025,FALSE,TRUE
08LB027,FALSE,TRUE
08LB028,FALSE,TRUE
08LB029,FALSE,FALSE
08LB030,FALSE,TRUE
08LB031,FALSE,FALSE
08LB032,FALSE,FALSE
08LB033,FALSE,FALSE
08LB037,FALSE,FALSE
08LB038,FALSE,FALSE
08LB039,FALSE,FALSE
08LB040,FALSE,FALSE
08LB041,FALSE,FALSE
08LB042,FALSE,TRUE
08LB043,FALSE,FALSE
08LB044,FALSE,FALSE
08LB045,FALSE,FALSE
08LB046,FALSE,FALSE
08LB047,FALSE,FALSE
08LB049,FALSE,FALSE
08LB050,FALSE,FALSE
08LB051,FALSE,TRUE
08LB052,FALSE,TRUE
08LB053,FALSE,TRUE
08LB054,FALSE,TRUE
08LB055,FALSE,TRUE
08LB056,FALSE,TRUE
08LB057,FALSE,TRUE
08LB058,FALSE,FALSE
08LB059,FALSE,FALSE
08LB060,FALSE,TRUE
08LB061,FALSE,FALSE
08LB062,FALSE,FALSE
08LB064,FALSE,FALSE
08LB065,FALSE,FALSE
08LB066,FALSE,FALSE
08LB068,FALSE,FALSE
08LB069,FALSE,FALSE
08LB070,FALSE,TRUE
08LB071,FALSE,TRUE
08LB072,FALSE,TRUE
08LB075,FALSE,FALSE
08LB076,TRUE,FALSE
08LB077,FALSE,FALSE
08LB078,FALSE,TRUE
08LB079,FALSE,FALSE
08LB081,FALSE,TRUE
08LB082,FALSE,TRUE
08LB083,FALSE,FALSE
08LC002,FALSE,TRUE
08LC003,FALSE,TRUE
08LC004,FALSE,FALSE
08LC005,FALSE,TRUE
08LC006,FALSE,TRUE
08LC007,FALSE,TRUE
08LC008,FALSE,FALSE
08LC009,FALSE,FALSE
08LC010,FALSE,FALSE
08LC014,FALSE,TRUE
08LC015,FALSE,FALSE
08LC017,FALSE,TRUE
08LC018,FALSE,TRUE
08LC019,FALSE,TRUE
08LC020,FALSE,FALSE
08LC021,FALSE,FALSE
08LC022,FALSE,FALSE
08LC023,FALSE,FALSE
08LC024,FALSE,FALSE
08LC025,FALSE,FALSE
08LC026,FALSE,TRUE
08LC027,FALSE,FALSE
08LC028,FALSE,FALSE
08LC029,FALSE,FALSE
08LC030,FALSE,FALSE
08LC031,FALSE,TRUE
08LC032,FALSE,TRUE
08LC033,FALSE,FALSE
08LC034,FALSE,FALSE
08LC035,FALSE,TRUE
08LC036,FALSE,FALSE
08LC037,FALSE,FALSE
08LC038,FALSE,TRUE
08LC039,FALSE,TRUE
08LC040,FALSE,FALSE
08LC041,FALSE,TRUE
08LC042,FALSE,TRUE
08LC043,FALSE,TRUE
08LC044,FALSE,TRUE
08LC046,FALSE,TRUE
08LC047,FALSE,TRUE
08LC048,FALSE,FALSE
08LC049,FALSE,FALSE
08LC050,FALSE,TRUE
08LD001,TRUE,FALSE
08LD002,FALSE,FALSE
08LD003,FALSE,FALSE
08LD004,FALSE,FALSE
08LD005,FALSE,FALSE
08LD006,FALSE,FALSE
08LD009,FALSE,FALSE
08LE001,FALSE,FALSE
08LE002,FALSE,FALSE
08LE003,FALSE,FALSE
08LE004,FALSE,FALSE
08LE005,FALSE,FALSE
08LE006,FALSE,TRUE
08LE007,FALSE,FALSE
08LE008,FALSE,FALSE
08LE009,FALSE,FALSE
08LE010,FALSE,FALSE
08LE011,FALSE,TRUE
08LE012,FALSE,TRUE
08LE013,FALSE,TRUE
08LE014,FALSE,FALSE
08LE015,FALSE,TRUE
08LE016,FALSE,TRUE
08LE017,FALSE,FALSE
08LE018,FALSE,TRUE
08LE019,FALSE,TRUE
08LE020,FALSE,TRUE
08LE021,FALSE,TRUE
08LE022,FALSE,FALSE
08LE023,FALSE,FALSE
08LE024,FALSE,FALSE
08LE025,FALSE,FALSE
08LE026,FALSE,FALSE
08LE027,FALSE,FALSE
08LE028,FALSE,FALSE
08LE029,FALSE,FALSE
08LE030,FALSE,FALSE
08LE031,FALSE,FALSE
08LE032,FALSE,FALSE
08LE033,FALSE,FALSE
08LE034,FALSE,TRUE
08LE035,FALSE,TRUE
08LE036,FALSE,FALSE
08LE037,FALSE,FALSE
08LE038,FALSE,FALSE
08LE039,FALSE,TRUE
08LE040,FALSE,FALSE
08LE041,FALSE,FALSE
08LE042,FALSE,FALSE
08LE043,FALSE,FALSE
08LE044,FALSE,TRUE
08LE045,FALSE,FALSE
08LE046,FALSE,FALSE
08LE047,FALSE,FALSE
08LE048,FALSE,TRUE
08LE049,FALSE,TRUE
08LE050,FALSE,TRUE
08LE051,FALSE,TRUE
08LE053,FALSE,FALSE
08LE054,FALSE,FALSE
08LE055,FALSE,FALSE
08LE056,FALSE,FALSE
08LE057,FALSE,FALSE
08LE058,FALSE,TRUE
08LE059,FALSE,FALSE
08LE060,FALSE,TRUE
08LE061,FALSE,FALSE
08LE063,FALSE,FALSE
08LE064,FALSE,TRUE
08LE065,FALSE,FALSE
08LE066,FALSE,FALSE
08LE067,FALSE,FALSE
08LE068,FALSE,TRUE
08LE069,FALSE,FALSE
08LE070,FALSE,FALSE
08LE071,FALSE,FALSE
08LE072,FALSE,TRUE
08LE073,FALSE,TRUE
08LE074,FALSE,FALSE
08LE075,FALSE,FALSE
08LE077,FALSE,FALSE
08LE078,FALSE,FALSE
08LE079,FALSE,TRUE
08LE080,FALSE,TRUE
08LE081,FALSE,TRUE
08LE086,FALSE,FALSE
08LE087,FALSE,FALSE
08LE088,FALSE,FALSE
08LE089,FALSE,TRUE
08LE090,FALSE,TRUE
08LE091,FALSE,FALSE
08LE092,FALSE,FALSE
08LE093,FALSE,FALSE
08LE094,FALSE,FALSE
08LE095,FALSE,FALSE
08LE096,FALSE,FALSE
08LE097,FALSE,TRUE
08LE099,FALSE,TRUE
08LE101,FALSE,FALSE
08LE102,FALSE,FALSE
08LE103,FALSE,FALSE
08LE104,FALSE,TRUE
08LE105,FALSE,TRUE
08LE106,FALSE,FALSE
08LE107,FALSE,TRUE
08LE108,FALSE,FALSE
08LE109,FALSE,FALSE
08LE110,FALSE,TRUE
08LE111,FALSE,
08LE112,FALSE,TRUE
08LF001,FALSE,FALSE
08LF002,FALSE,TRUE
08LF003,FALSE,TRUE
08LF004,FALSE,TRUE
08LF005,FALSE,FALSE
08LF006,FALSE,TRUE
08LF007,FALSE,TRUE
08LF008,FALSE,TRUE
08LF009,FALSE,FALSE
08LF010,FALSE,TRUE
08LF011,FALSE,TRUE
08LF013,FALSE,FALSE
08LF014,FALSE,FALSE
08LF015,FALSE,TRUE
08LF017,FALSE,FALSE
08LF018,FALSE,FALSE
08LF019,FALSE,TRUE
08LF020,FALSE,FALSE
08LF021,FALSE,TRUE
08LF022,FALSE,FALSE
08LF023,FALSE,FALSE
08LF024,FALSE,FALSE
08LF025,FALSE,FALSE
08LF026,FALSE,TRUE
08LF027,FALSE,TRUE
08LF028,FALSE,TRUE
08LF029,FALSE,TRUE
08LF030,FALSE,TRUE
08LF032,FALSE,TRUE
08LF033,FALSE,FALSE
08LF034,FALSE,TRUE
08LF035,FALSE,FALSE
08LF036,FALSE,FALSE
08LF037,FALSE,TRUE
08LF038,FALSE,FALSE
08LF039,FALSE,TRUE
08LF040,FALSE,FALSE
08LF041,FALSE,TRUE
08LF042,FALSE,FALSE
08LF043,FALSE,FALSE
08LF046,FALSE,FALSE
08LF047,FALSE,FALSE
08LF048,FALSE,FALSE
08LF049,FALSE,FALSE
08LF050,FALSE,FALSE
08LF051,FALSE,FALSE
08LF060,FALSE,TRUE
08LF061,FALSE,TRUE
08LF062,FALSE,TRUE
08LF063,FALSE,FALSE
08LF064,FALSE,TRUE
08LF065,FALSE,TRUE
08LF066,FALSE,TRUE
08LF067,FALSE,FALSE
08LF068,FALSE,FALSE
08LF069,FALSE,TRUE
08LF070,FALSE,FALSE
08LF071,FALSE,TRUE
08LF075,FALSE,FALSE
08LF079,FALSE,TRUE
08LF080,FALSE,FALSE
08LF081,FALSE,FALSE
08LF082,FALSE,TRUE
08LF083,FALSE,TRUE
08LF084,FALSE,FALSE
08LF085,FALSE,FALSE
08LF086,FALSE,TRUE
08LF088,FALSE,FALSE
08LF089,FALSE,FALSE
08LF090,FALSE,TRUE
08LF091,FALSE,FALSE
08LF092,FALSE,TRUE
08LF093,FALSE,FALSE
08LF094,FALSE,FALSE
08LF095,FALSE,FALSE
08LF096,FALSE,TRUE
08LF097,FALSE,TRUE
08LF099,FALSE,FALSE
08LF100,FALSE,FALSE
08LG001,FALSE,FALSE
08LG002,FALSE,TRUE
08LG003,FALSE,TRUE
08LG004,FALSE,TRUE
08LG005,FALSE,FALSE
08LG006,FALSE,TRUE
08LG007,FALSE,TRUE
08LG008,FALSE,FALSE
08LG009,FALSE,TRUE
08LG010,FALSE,TRUE
08LG011,FALSE,FALSE
08LG013,FALSE,TRUE
08LG014,FALSE,TRUE
08LG015,FALSE,FALSE
08LG016,TRUE,FALSE
08LG017,FALSE,TRUE
08LG018,FALSE,TRUE
08LG019,FALSE,TRUE
08LG020,FALSE,TRUE
08LG021,FALSE,FALSE
08LG022,FALSE,FALSE
08LG023,FALSE,FALSE
08LG024,FALSE,TRUE
08LG025,FALSE,FALSE
08LG026,FALSE,FALSE
08LG027,FALSE,
08LG028,FALSE,TRUE
08LG029,FALSE,FALSE
08LG030,FALSE,FALSE
08LG031,FALSE,TRUE
08LG032,FALSE,FALSE
08LG033,FALSE,FALSE
08LG034,FALSE,TRUE
08LG035,FALSE,FALSE
08LG036,FALSE,FALSE
08LG041,FALSE,TRUE
08LG042,FALSE,FALSE
08LG043,FALSE,TRUE
08LG044,FALSE,TRUE
08LG046,FALSE,TRUE
08LG047,FALSE,TRUE
08LG048,FALSE,FALSE
08LG049,FALSE,TRUE
08LG051,FALSE,FALSE
08LG052,FALSE,FALSE
08LG053,FALSE,FALSE
08LG054,FALSE,FALSE
08LG055,FALSE,FALSE
08LG056,TRUE,FALSE
08LG057,FALSE,FALSE
08LG058,FALSE,TRUE
08LG059,FALSE,FALSE
08LG060,FALSE,TRUE
08LG062,FALSE,TRUE
08LG063,FALSE,FALSE
08LG064,FALSE,FALSE
08LG065,FALSE,TRUE
08LG066,FALSE,FALSE
08LG067,FALSE,TRUE
08LG068,FALSE,FALSE
08LG069,FALSE,
08LG070,FALSE,
08MA001,FALSE,FALSE
08MA002,TRUE,FALSE
08MA003,FALSE,FALSE
08MA006,TRUE,FALSE
08MA007,FALSE,FALSE
08MB001,FALSE,FALSE
08MB002,FALSE,FALSE
08MB003,FALSE,FALSE
08MB004,FALSE,FALSE
08MB005,FALSE,FALSE
08MB006,TRUE,FALSE
08MB007,FALSE,FALSE
08MB008,FALSE,TRUE
08MB009,FALSE,FALSE
08MB010,FALSE,FALSE
08MB011,FALSE,TRUE
08MB012,FALSE,FALSE
08MC001,FALSE,FALSE
08MC002,FALSE,FALSE
08MC003,FALSE,TRUE
08MC004,FALSE,TRUE
08MC005,FALSE,TRUE
08MC006,FALSE,TRUE
08MC007,FALSE,TRUE
08MC008,FALSE,TRUE
08MC009,FALSE,TRUE
08MC011,FALSE,FALSE
08MC012,FALSE,TRUE
08MC013,FALSE,TRUE
08MC014,FALSE,TRUE
08MC016,FALSE,TRUE
08MC017,FALSE,FALSE
08MC018,FALSE,TRUE
08MC019,FALSE,FALSE
08MC022,FALSE,FALSE
08MC023,FALSE,TRUE
08MC024,FALSE,FALSE
08MC025,FALSE,TRUE
08MC026,FALSE,TRUE
08MC027,FALSE,TRUE
08MC028,FALSE,FALSE
08MC029,FALSE,TRUE
08MC030,FALSE,TRUE
08MC031,FALSE,TRUE
08MC032,FALSE,TRUE
08MC033,FALSE,FALSE
08MC035,FALSE,FALSE
08MC036,FALSE,TRUE
08MC037,FALSE,TRUE
08MC038,FALSE,TRUE
08MC039,FALSE,TRUE
08MC040,FALSE,TRUE
08MC041,FALSE,FALSE
08MC042,FALSE,TRUE
08MC043,FALSE,FALSE
08MC044,FALSE,FALSE
08MC045,FALSE,FALSE
08MC046,FALSE,TRUE
08MC047,FALSE,TRUE
08MC049,FALSE,TRUE
08MD001,FALSE,FALSE
08MD002,FALSE,TRUE
08MD003,FALSE,FALSE
08MD004,FALSE,FALSE
08MD005,FALSE,FALSE
08MD006,FALSE,FALSE
08MD007,FALSE,FALSE
08MD008,FALSE,FALSE
08MD009,FALSE,FALSE
08MD010,FALSE,TRUE
08MD011,FALSE,TRUE
08MD012,FALSE,FALSE
08MD013,FALSE,TRUE
08MD014,FALSE,TRUE
08MD016,FALSE,TRUE
08MD017,FALSE,TRUE
08MD018,FALSE,FALSE
08MD019,FALSE,FALSE
08MD020,FALSE,FALSE
08MD023,FALSE,TRUE
08MD024,FALSE,TRUE
08MD025,FALSE,TRUE
08MD026,FALSE,FALSE
08MD027,FALSE,TRUE
08MD028,FALSE,FALSE
08MD029,FALSE,TRUE
08MD030,FALSE,TRUE
08MD031,FALSE,TRUE
08MD032,FALSE,TRUE
08MD033,FALSE,FALSE
08MD034,FALSE,TRUE
08MD035,FALSE,FALSE
08ME001,FALSE,TRUE
08ME002,FALSE,TRUE
08ME003,FALSE,TRUE
08ME004,FALSE,FALSE
08ME005,FALSE,FALSE
08ME006,FALSE,FALSE
08ME007,FALSE,FALSE
08ME011,FALSE,FALSE
08ME012,FALSE,TRUE
08ME013,FALSE,FALSE
08ME014,FALSE,FALSE
08ME015,FALSE,FALSE
08ME016,FALSE,FALSE
08ME017,FALSE,TRUE
08ME018,FALSE,TRUE
08ME019,FALSE,TRUE
08ME022,FALSE,FALSE
08ME023,FALSE,FALSE
08ME024,FALSE,FALSE
08ME025,FALSE,FALSE
08ME026,FALSE,FALSE
08ME027,FALSE,FALSE
08ME028,TRUE,FALSE
08ME029,FALSE,TRUE
08ME030,FALSE,FALSE
08MF001,FALSE,FALSE
08MF002,FALSE,FALSE
08MF003,FALSE,FALSE
08MF004,FALSE,TRUE
08MF005,FALSE,TRUE
08MF006,FALSE,FALSE
08MF007,FALSE,FALSE
08MF008,FALSE,FALSE
08MF009,FALSE,FALSE
08MF011,FALSE,FALSE
08MF012,FALSE,FALSE
08MF013,FALSE,FALSE
08MF014,FALSE,FALSE
08MF015,FALSE,FALSE
08MF016,FALSE,FALSE
08MF017,FALSE,FALSE
08MF018,FALSE,FALSE
08MF020,FALSE,TRUE
08MF021,FALSE,FALSE
08MF022,FALSE,FALSE
08MF023,FALSE,TRUE
08MF027,FALSE,TRUE
08MF028,FALSE,FALSE
08MF030,FALSE,FALSE
08MF031,FALSE,FALSE
08MF032,FALSE,FALSE
08MF033,FALSE,FALSE
08MF034,FALSE,TRUE
08MF035,FALSE,TRUE
08MF036,FALSE,FALSE
08MF037,FALSE,FALSE
08MF038,FALSE,TRUE
08MF039,FALSE,FALSE
08MF040,FALSE,TRUE
08MF047,FALSE,TRUE
08MF048,FALSE,FALSE
08MF049,FALSE,FALSE
08MF052,FALSE,FALSE
08MF054,FALSE,FALSE
08MF059,FALSE,FALSE
08MF061,FALSE,FALSE
08MF062,TRUE,FALSE
08MF063,FALSE,FALSE
08MF064,FALSE,FALSE
08MF065,TRUE,FALSE
08MF066,FALSE,FALSE
08MF067,FALSE,TRUE
08MF068,FALSE,FALSE
08MF071,FALSE,FALSE
08MF072,FALSE,TRUE
08MF073,FALSE,TRUE
08MF074,FALSE,TRUE
08MF075,FALSE,TRUE
08MF076,FALSE,TRUE
08MG001,TRUE,FALSE
08MG003,FALSE,FALSE
08MG004,FALSE,FALSE
08MG005,TRUE,FALSE
08MG006,FALSE,FALSE
08MG007,FALSE,FALSE
08MG008,FALSE,FALSE
08MG009,FALSE,FALSE
08MG010,FALSE,FALSE
08MG012,FALSE,FALSE
08MG013,FALSE,FALSE
08MG014,FALSE,FALSE
08MG017,FALSE,FALSE
08MG018,FALSE,FALSE
08MG019,FALSE,FALSE
08MG020,FALSE,FALSE
08MG021,FALSE,FALSE
08MG022,FALSE,FALSE
08MG023,FALSE,FALSE
08MG025,FALSE,TRUE
08MG026,FALSE,FALSE
08MG027,FALSE,FALSE
08MG028,FALSE,
08MH001,TRUE,FALSE
08MH002,FALSE,TRUE
08MH003,FALSE,TRUE
08MH004,FALSE,FALSE
08MH005,FALSE,TRUE
08MH006,TRUE,FALSE
08MH008,FALSE,FALSE
08MH009,FALSE,FALSE
08MH010,FALSE,FALSE
08MH011,FALSE,TRUE
08MH012,FALSE,FALSE
08MH014,FALSE,TRUE
08MH016,TRUE,FALSE
08MH017,FALSE,FALSE
08MH018,FALSE,FALSE
08MH019,FALSE,FALSE
08MH020,FALSE,FALSE
08MH021,FALSE,TRUE
08MH022,FALSE,FALSE
08MH024,FALSE,TRUE
08MH026,FALSE,TRUE
08MH028,FALSE,TRUE
08MH029,FALSE,FALSE
08MH031,FALSE,TRUE
08MH032,FALSE,TRUE
08MH033,FALSE,FALSE
08MH035,FALSE,FALSE
08MH037,FALSE,FALSE
08MH044,FALSE,TRUE
08MH045,FALSE,FALSE
08MH046,FALSE,TRUE
08MH047,FALSE,FALSE
08MH049,FALSE,FALSE
08MH050,FALSE,TRUE
08MH051,FALSE,FALSE
08MH053,FALSE,TRUE
08MH055,FALSE,FALSE
08MH056,FALSE,FALSE
08MH058,FALSE,TRUE
08MH059,FALSE,FALSE
08MH060,FALSE,FALSE
08MH061,FALSE,TRUE
08MH068,FALSE,TRUE
08MH069,FALSE,FALSE
08MH070,FALSE,FALSE
08MH071,FALSE,TRUE
08MH072,FALSE,FALSE
08MH073,FALSE,FALSE
08MH074,FALSE,TRUE
08MH075,FALSE,TRUE
08MH076,FALSE,FALSE
08MH077,FALSE,FALSE
08MH079,FALSE,FALSE
08MH080,FALSE,FALSE
08MH081,FALSE,FALSE
08MH082,FALSE,FALSE
08MH083,FALSE,TRUE
08MH084,FALSE,FALSE
08MH085,FALSE,FALSE
08MH086,FALSE,FALSE
08MH088,FALSE,FALSE
08MH089,FALSE,FALSE
08MH090,FALSE,TRUE
08MH091,FALSE,TRUE
08MH092,FALSE,FALSE
08MH093,FALSE,TRUE
08MH094,FALSE,TRUE
08MH095,FALSE,FALSE
08MH096,FALSE,FALSE
08MH097,FALSE,FALSE
08MH098,FALSE,TRUE
08MH099,FALSE,FALSE
08MH100,FALSE,FALSE
08MH103,FALSE,FALSE
08MH104,FALSE,FALSE
08MH105,FALSE,FALSE
08MH107,FALSE,FALSE
08MH108,FALSE,FALSE
08MH112,FALSE,FALSE
08MH117,FALSE,FALSE
08MH123,FALSE,TRUE
08MH125,FALSE,FALSE
08MH126,FALSE,TRUE
08MH129,FALSE,FALSE
08MH130,FALSE,FALSE
08MH131,FALSE,TRUE
08MH133,FALSE,TRUE
08MH134,FALSE,TRUE
08MH138,FALSE,TRUE
08MH139,FALSE,TRUE
08MH141,FALSE,FALSE
08MH145,FALSE,FALSE
08MH146,FALSE,TRUE
08MH147,FALSE,FALSE
08MH148,FALSE,TRUE
08MH149,FALSE,TRUE
08MH150,FALSE,TRUE
08MH151,FALSE,TRUE
08MH152,FALSE,TRUE
08MH153,FALSE,TRUE
08MH154,FALSE,FALSE
08MH155,FALSE,FALSE
08MH156,FALSE,TRUE
08MH157,FALSE,FALSE
08MH163,FALSE,FALSE
08MH166,FALSE,FALSE
08MH167,FALSE,TRUE
08MH168,FALSE,FALSE
08NA001,FALSE,FALSE
08NA002,FALSE,FALSE
08NA004,FALSE,FALSE
08NA005,FALSE,FALSE
08NA006,FALSE,FALSE
08NA007,FALSE,FALSE
08NA008,FALSE,FALSE
08NA009,FALSE,FALSE
08NA010,FALSE,FALSE
08NA011,FALSE,TRUE
08NA012,FALSE,FALSE
08NA014,FALSE,FALSE
08NA015,FALSE,FALSE
08NA016,FALSE,FALSE
08NA017,FALSE,FALSE
08NA018,FALSE,TRUE
08NA019,FALSE,FALSE
08NA020,FALSE,FALSE
08NA021,FALSE,FALSE
08NA022,FALSE,FALSE
08NA023,FALSE,TRUE
08NA024,FALSE,FALSE
08NA025,FALSE,FALSE
08NA026,FALSE,TRUE
08NA028,FALSE,FALSE
08NA029,FALSE,FALSE
08NA030,FALSE,FALSE
08NA031,FALSE,FALSE
08NA034,FALSE,TRUE
08NA035,FALSE,TRUE
08NA036,FALSE,FALSE
08NA037,FALSE,FALSE
08NA038,FALSE,FALSE
08NA039,FALSE,FALSE
08NA041,FALSE,FALSE
08NA042,FALSE,FALSE
08NA043,FALSE,TRUE
08NA045,FALSE,FALSE
08NA046,FALSE,FALSE
08NA047,FALSE,FALSE
08NA048,FALSE,FALSE
08NA049,FALSE,FALSE
08NA050,FALSE,FALSE
08NA051,FALSE,FALSE
08NA052,FALSE,FALSE
08NA053,FALSE,FALSE
08NA054,FALSE,FALSE
08NA055,FALSE,FALSE
08NA056,FALSE,FALSE
08NA057,FALSE,TRUE
08NA058,FALSE,FALSE
08NA060,FALSE,FALSE
08NA061,FALSE,FALSE
08NA062,FALSE,TRUE
08NA063,FALSE,TRUE
08NA067,FALSE,FALSE
08NA068,FALSE,TRUE
08NB001,FALSE,FALSE
08NB002,FALSE,FALSE
08NB003,FALSE,FALSE
08NB004,FALSE,FALSE
08NB005,TRUE,FALSE
08NB006,FALSE,FALSE
08NB009,FALSE,FALSE
08NB010,FALSE,FALSE
08NB011,FALSE,FALSE
08NB012,FALSE,FALSE
08NB013,FALSE,FALSE
08NB014,FALSE,FALSE
08NB015,FALSE,FALSE
08NB016,FALSE,FALSE
08NB017,FALSE,TRUE
08NB018,FALSE,FALSE
08NB019,FALSE,FALSE
08NB020,FALSE,FALSE
08NB021,FALSE,FALSE
08NC001,FALSE,FALSE
08NC002,FALSE,FALSE
08NC003,FALSE,FALSE
08NC004,TRUE,FALSE
08NC005,FALSE,FALSE
08ND001,FALSE,FALSE
08ND002,FALSE,TRUE
08ND003,FALSE,FALSE
08ND004,FALSE,FALSE
08ND005,FALSE,FALSE
08ND006,FALSE,FALSE
08ND007,FALSE,TRUE
08ND009,FALSE,FALSE
08ND011,FALSE,TRUE
08ND012,FALSE,FALSE
08ND013,TRUE,FALSE
08ND014,FALSE,FALSE
08ND015,FALSE,FALSE
08ND016,FALSE,FALSE
08ND017,FALSE,TRUE
08ND018,FALSE,FALSE
08ND019,FALSE,FALSE
08ND021,FALSE,FALSE
08ND022,FALSE,FALSE
08ND024,FALSE,TRUE
08ND025,FALSE,TRUE
08ND026,FALSE,TRUE
08NE001,FALSE,FALSE
08NE002,FALSE,TRUE
08NE003,FALSE,TRUE
08NE005,FALSE,FALSE
08NE006,TRUE,FALSE
08NE007,FALSE,TRUE
08NE008,FALSE,FALSE
08NE009,FALSE,FALSE
08NE010,FALSE,TRUE
08NE011,FALSE,FALSE
08NE012,FALSE,FALSE
08NE016,FALSE,TRUE
08NE017,FALSE,FALSE
08NE019,FALSE,FALSE
08NE020,FALSE,FALSE
08NE021,FALSE,FALSE
08NE022,FALSE,FALSE
08NE023,FALSE,FALSE
08NE024,FALSE,FALSE
08NE025,FALSE,FALSE
08NE026,FALSE,FALSE
08NE027,FALSE,FALSE
08NE028,FALSE,FALSE
08NE030,FALSE,TRUE
08NE031,FALSE,FALSE
08NE032,FALSE,FALSE
08NE033,FALSE,FALSE
08NE034,FALSE,FALSE
08NE035,FALSE,FALSE
08NE036,FALSE,FALSE
08NE037,FALSE,FALSE
08NE038,FALSE,FALSE
08NE039,FALSE,FALSE
08NE042,FALSE,FALSE
08NE043,FALSE,TRUE
08NE044,FALSE,FALSE
08NE045,FALSE,FALSE
08NE046,FALSE,FALSE
08NE047,FALSE,FALSE
08NE048,FALSE,FALSE
08NE049,FALSE,TRUE
08NE050,FALSE,FALSE
08NE051,FALSE,FALSE
08NE052,FALSE,FALSE
08NE053,FALSE,TRUE
08NE054,FALSE,FALSE
08NE055,FALSE,FALSE
08NE056,FALSE,FALSE
08NE057,FALSE,TRUE
08NE058,FALSE,TRUE
08NE060,FALSE,FALSE
08NE061,FALSE,FALSE
08NE062,FALSE,FALSE
08NE063,FALSE,TRUE
08NE064,FALSE,FALSE
08NE065,FALSE,TRUE
08NE066,FALSE,FALSE
08NE067,FALSE,FALSE
08NE068,FALSE,FALSE
08NE069,FALSE,FALSE
08NE070,FALSE,FALSE
08NE071,FALSE,TRUE
08NE072,FALSE,FALSE
08NE073,FALSE,FALSE
08NE074,FALSE,FALSE
08NE075,FALSE,FALSE
08NE076,FALSE,FALSE
08NE077,FALSE,FALSE
08NE078,FALSE,TRUE
08NE080,FALSE,FALSE
08NE082,FALSE,FALSE
08NE083,FALSE,FALSE
08NE085,FALSE,FALSE
08NE086,FALSE,FALSE
08NE087,FALSE,FALSE
08NE088,FALSE,FALSE
08NE089,FALSE,FALSE
08NE090,FALSE,FALSE
08NE091,FALSE,FALSE
08NE092,FALSE,FALSE
08NE094,FALSE,FALSE
08NE095,FALSE,TRUE
08NE096,FALSE,FALSE
08NE097,FALSE,FALSE
08NE098,FALSE,TRUE
08NE099,FALSE,FALSE
08NE100,FALSE,FALSE
08NE101,FALSE,FALSE
08NE102,FALSE,TRUE
08NE103,FALSE,TRUE
08NE104,FALSE,TRUE
08NE105,FALSE,TRUE
08NE106,FALSE,TRUE
08NE107,FALSE,TRUE
08NE108,FALSE,FALSE
08NE109,FALSE,FALSE
08NE110,FALSE,FALSE
08NE111,FALSE,FALSE
08NE112,FALSE,FALSE
08NE113,FALSE,FALSE
08NE114,TRUE,FALSE
08NE115,FALSE,FALSE
08NE116,FALSE,FALSE
08NE117,FALSE,FALSE
08NE118,FALSE,TRUE
08NE119,FALSE,TRUE
08NE120,FALSE,FALSE
08NE121,FALSE,FALSE
08NE122,FALSE,FALSE
08NE123,FALSE,TRUE
08NE124,FALSE,FALSE
08NE125,FALSE,FALSE
08NE126,FALSE,TRUE
08NE127,FALSE,FALSE
08NE128,FALSE,TRUE
08NE129,FALSE,FALSE
08NE130,FALSE,
08NF001,TRUE,FALSE
08NF002,FALSE,FALSE
08NF003,FALSE,FALSE
08NF004,FALSE,FALSE
08NF005,FALSE,FALSE
08NF006,FALSE,FALSE
08NG001,FALSE,FALSE
08NG002,FALSE,TRUE
08NG003,FALSE,TRUE
08NG004,FALSE,FALSE
08NG005,FALSE,FALSE
08NG006,FALSE,TRUE
08NG007,FALSE,FALSE
08NG008,FALSE,TRUE
08NG009,FALSE,FALSE
08NG010,FALSE,FALSE
08NG011,FALSE,FALSE
08NG012,FALSE,FALSE
08NG013,FALSE,FALSE
08NG014,FALSE,TRUE
08NG015,FALSE,TRUE
08NG016,FALSE,FALSE
08NG017,FALSE,TRUE
08NG021,FALSE,FALSE
08NG022,FALSE,FALSE
08NG023,FALSE,FALSE
08NG024,FALSE,FALSE
08NG026,FALSE,FALSE
08NG027,FALSE,TRUE
08NG028,FALSE,FALSE
08NG029,FALSE,TRUE
08NG030,FALSE,FALSE
08NG031,FALSE,FALSE
08NG032,FALSE,FALSE
08NG033,FALSE,FALSE
08NG034,FALSE,FALSE
08NG035,FALSE,FALSE
08NG036,FALSE,TRUE
08NG037,FALSE,FALSE
08NG038,FALSE,FALSE
08NG039,FALSE,FALSE
08NG040,FALSE,FALSE
08NG042,FALSE,FALSE
08NG043,FALSE,TRUE
08NG044,FALSE,FALSE
08NG045,FALSE,FALSE
08NG046,FALSE,FALSE
08NG047,FALSE,FALSE
08NG048,FALSE,FALSE
08NG049,FALSE,FALSE
08NG051,FALSE,FALSE
08NG052,FALSE,FALSE
08NG053,FALSE,FALSE
08NG056,FALSE,FALSE
08NG057,FALSE,FALSE
08NG058,FALSE,TRUE
08NG059,FALSE,FALSE
08NG060,FALSE,FALSE
08NG061,FALSE,FALSE
08NG062,FALSE,FALSE
08NG063,FALSE,FALSE
08NG064,FALSE,FALSE
08NG065,FALSE,FALSE
08NG068,FALSE,FALSE
08NG069,FALSE,FALSE
08NG070,FALSE,TRUE
08NG071,FALSE,TRUE
08NG072,FALSE,TRUE
08NG073,FALSE,TRUE
08NG074,FALSE,TRUE
08NG076,FALSE,FALSE
08NG077,FALSE,FALSE
08NG078,FALSE,FALSE
08NG079,FALSE,TRUE
08NG080,FALSE,TRUE
08NG082,FALSE,TRUE
08NG083,FALSE,FALSE
08NG084,FALSE,TRUE
08NG085,FALSE,FALSE
08NG086,FALSE,FALSE
08NG087,FALSE,TRUE
08NG088,FALSE,TRUE
08NH001,FALSE,FALSE
08NH002,FALSE,FALSE
08NH003,FALSE,FALSE
08NH004,FALSE,TRUE
08NH005,TRUE,FALSE
08NH006,FALSE,FALSE
08NH007,FALSE,FALSE
08NH008,FALSE,FALSE
08NH009,FALSE,FALSE
08NH010,FALSE,FALSE
08NH011,FALSE,FALSE
08NH012,FALSE,FALSE
08NH013,FALSE,TRUE
08NH014,FALSE,FALSE
08NH015,FALSE,FALSE
08NH016,TRUE,FALSE
08NH018,FALSE,TRUE
08NH019,FALSE,FALSE
08NH020,FALSE,FALSE
08NH021,FALSE,TRUE
08NH024,FALSE,TRUE
08NH026,FALSE,TRUE
08NH028,FALSE,TRUE
08NH031,FALSE,TRUE
08NH032,TRUE,FALSE
08NH034,FALSE,FALSE
08NH036,FALSE,FALSE
08NH037,FALSE,TRUE
08NH038,FALSE,TRUE
08NH039,FALSE,FALSE
08NH040,FALSE,TRUE
08NH041,FALSE,FALSE
08NH042,FALSE,FALSE
08NH043,FALSE,FALSE
08NH044,FALSE,FALSE
08NH045,FALSE,FALSE
08NH046,FALSE,FALSE
08NH047,FALSE,FALSE
08NH048,FALSE,FALSE
08NH049,FALSE,FALSE
08NH050,FALSE,TRUE
08NH051,FALSE,FALSE
08NH052,FALSE,TRUE
08NH053,FALSE,TRUE
08NH054,FALSE,FALSE
08NH056,FALSE,FALSE
08NH057,FALSE,TRUE
08NH058,FALSE,FALSE
08NH059,FALSE,FALSE
08NH060,FALSE,TRUE
08NH061,FALSE,TRUE
08NH062,FALSE,TRUE
08NH063,FALSE,FALSE
08NH064,FALSE,TRUE
08NH065,FALSE,FALSE
08NH066,FALSE,FALSE
08NH067,FALSE,TRUE
08NH068,FALSE,FALSE
08NH069,FALSE,FALSE
08NH070,FALSE,FALSE
08NH071,FALSE,FALSE
08NH072,FALSE,FALSE
08NH073,FALSE,FALSE
08NH074,FALSE,FALSE
08NH075,FALSE,FALSE
08NH076,FALSE,FALSE
08NH077,FALSE,FALSE
08NH078,FALSE,FALSE
08NH079,FALSE,TRUE
08NH080,FALSE,FALSE
08NH081,FALSE,FALSE
08NH082,FALSE,FALSE
08NH083,FALSE,FALSE
08NH084,TRUE,FALSE
08NH085,FALSE,FALSE
08NH086,FALSE,FALSE
08NH087,FALSE,FALSE
08NH089,FALSE,FALSE
08NH090,FALSE,FALSE
08NH091,FALSE,FALSE
08NH092,FALSE,TRUE
08NH093,FALSE,TRUE
08NH094,FALSE,TRUE
08NH095,FALSE,TRUE
08NH096,FALSE,TRUE
08NH098,FALSE,TRUE
08NH099,FALSE,FALSE
08NH100,FALSE,FALSE
08NH101,FALSE,FALSE
08NH102,FALSE,FALSE
08NH103,FALSE,FALSE
08NH104,FALSE,FALSE
08NH105,FALSE,FALSE
08NH106,FALSE,FALSE
08NH107,FALSE,TRUE
08NH108,FALSE,FALSE
08NH109,FALSE,FALSE
08NH110,FALSE,FALSE
08NH111,FALSE,FALSE
08NH112,FALSE,FALSE
08NH113,FALSE,FALSE
08NH114,FALSE,FALSE
08NH115,FALSE,FALSE
08NH116,FALSE,FALSE
08NH117,FALSE,FALSE
08NH118,FALSE,TRUE
08NH119,FALSE,FALSE
08NH120,FALSE,FALSE
08NH121,FALSE,FALSE
08NH122,FALSE,FALSE
08NH124,FALSE,FALSE
08NH125,FALSE,FALSE
08NH126,FALSE,TRUE
08NH127,FALSE,TRUE
08NH128,FALSE,TRUE
08NH129,FALSE,TRUE
08NH130,TRUE,FALSE
08NH131,FALSE,FALSE
08NH132,FALSE,FALSE
08NH133,FALSE,
08NH137,FALSE,FALSE
08NH138,FALSE,FALSE
08NH139,FALSE,
08NJ001,FALSE,TRUE
08NJ002,FALSE,TRUE
08NJ003,FALSE,TRUE
08NJ004,FALSE,FALSE
08NJ005,FALSE,TRUE
08NJ006,FALSE,FALSE
08NJ007,FALSE,FALSE
08NJ008,FALSE,FALSE
08NJ009,FALSE,TRUE
08NJ010,FALSE,FALSE
08NJ011,FALSE,FALSE
08NJ012,FALSE,FALSE
08NJ013,TRUE,FALSE
08NJ014,FALSE,FALSE
08NJ015,FALSE,FALSE
08NJ016,FALSE,FALSE
08NJ017,FALSE,FALSE
08NJ018,FALSE,FALSE
08NJ019,FALSE,FALSE
08NJ020,FALSE,FALSE
08NJ021,FALSE,FALSE
08NJ022,FALSE,FALSE
08NJ023,FALSE,FALSE
08NJ024,FALSE,FALSE
08NJ026,FALSE,FALSE
08NJ027,FALSE,FALSE
08NJ028,FALSE,FALSE
08NJ029,FALSE,FALSE
08NJ030,FALSE,FALSE
08NJ031,FALSE,FALSE
08NJ032,FALSE,FALSE
08NJ033,FALSE,FALSE
08NJ034,FALSE,FALSE
08NJ035,FALSE,FALSE
08NJ036,FALSE,TRUE
08NJ037,FALSE,FALSE
08NJ038,FALSE,TRUE
08NJ039,FALSE,FALSE
08NJ040,FALSE,TRUE
08NJ041,FALSE,FALSE
08NJ042,FALSE,FALSE
08NJ044,FALSE,FALSE
08NJ046,FALSE,FALSE
08NJ047,FALSE,FALSE
08NJ048,FALSE,FALSE
08NJ049,FALSE,FALSE
08NJ050,FALSE,FALSE
08NJ051,FALSE,FALSE
08NJ053,FALSE,FALSE
08NJ054,FALSE,FALSE
08NJ055,FALSE,TRUE
08NJ056,FALSE,FALSE
08NJ057,FALSE,FALSE
08NJ058,FALSE,FALSE
08NJ059,FALSE,FALSE
08NJ060,FALSE,FALSE
08NJ061,FALSE,FALSE
08NJ062,FALSE,FALSE
08NJ064,FALSE,TRUE
08NJ065,FALSE,FALSE
08NJ066,FALSE,TRUE
08NJ067,FALSE,FALSE
08NJ068,FALSE,FALSE
08NJ069,FALSE,FALSE
08NJ070,FALSE,FALSE
08NJ071,FALSE,FALSE
08NJ072,FALSE,FALSE
08NJ073,FALSE,TRUE
08NJ074,FALSE,TRUE
08NJ075,FALSE,TRUE
08NJ076,FALSE,TRUE
08NJ077,FALSE,TRUE
08NJ078,FALSE,TRUE
08NJ079,FALSE,TRUE
08NJ080,FALSE,TRUE
08NJ081,FALSE,TRUE
08NJ082,FALSE,TRUE
08NJ084,FALSE,TRUE
08NJ085,FALSE,TRUE
08NJ086,FALSE,TRUE
08NJ087,FALSE,TRUE
08NJ088,FALSE,TRUE
08NJ089,FALSE,TRUE
08NJ090,FALSE,TRUE
08NJ091,FALSE,TRUE
08NJ092,FALSE,TRUE
08NJ095,FALSE,FALSE
08NJ096,FALSE,TRUE
08NJ097,FALSE,FALSE
08NJ098,FALSE,FALSE
08NJ099,FALSE,FALSE
08NJ101,FALSE,FALSE
08NJ102,FALSE,FALSE
08NJ103,FALSE,FALSE
08NJ104,FALSE,FALSE
08NJ106,FALSE,FALSE
08NJ107,FALSE,FALSE
08NJ108,FALSE,FALSE
08NJ109,FALSE,FALSE
08NJ110,FALSE,FALSE
08NJ111,FALSE,FALSE
08NJ112,FALSE,FALSE
08NJ113,FALSE,TRUE
08NJ114,FALSE,TRUE
08NJ115,FALSE,FALSE
08NJ116,FALSE,FALSE
08NJ117,FALSE,FALSE
08NJ118,FALSE,FALSE
08NJ119,FALSE,FALSE
08NJ120,FALSE,FALSE
08NJ121,FALSE,FALSE
08NJ122,FALSE,FALSE
08NJ123,FALSE,FALSE
08NJ124,FALSE,FALSE
08NJ125,FALSE,FALSE
08NJ126,FALSE,FALSE
08NJ128,FALSE,TRUE
08NJ129,FALSE,FALSE
08NJ130,TRUE,FALSE
08NJ131,FALSE,FALSE
08NJ132,FALSE,FALSE
08NJ133,FALSE,FALSE
08NJ134,FALSE,FALSE
08NJ135,FALSE,FALSE
08NJ137,FALSE,FALSE
08NJ138,FALSE,FALSE
08NJ139,FALSE,FALSE
08NJ140,FALSE,TRUE
08NJ141,FALSE,FALSE
08NJ143,FALSE,FALSE
08NJ145,FALSE,FALSE
08NJ146,FALSE,FALSE
08NJ147,FALSE,TRUE
08NJ149,FALSE,FALSE
08NJ150,FALSE,FALSE
08NJ151,FALSE,FALSE
08NJ152,FALSE,FALSE
08NJ153,FALSE,FALSE
08NJ154,FALSE,FALSE
08NJ155,FALSE,FALSE
08NJ156,FALSE,FALSE
08NJ157,FALSE,FALSE
08NJ158,FALSE,TRUE
08NJ159,FALSE,FALSE
08NJ160,FALSE,FALSE
08NJ161,FALSE,FALSE
08NJ162,FALSE,FALSE
08NJ163,FALSE,FALSE
08NJ164,FALSE,FALSE
08NJ165,FALSE,FALSE
08NJ166,FALSE,FALSE
08NJ167,FALSE,FALSE
08NJ168,FALSE,FALSE
08NJ169,FALSE,TRUE
08NJ170,FALSE,FALSE
08NJ171,FALSE,FALSE
08NJ172,FALSE,FALSE
08NK001,FALSE,TRUE
08NK002,FALSE,FALSE
08NK004,FALSE,FALSE
08NK005,FALSE,TRUE
08NK006,FALSE,FALSE
08NK007,FALSE,FALSE
08NK008,FALSE,FALSE
08NK011,FALSE,FALSE
08NK012,FALSE,FALSE
08NK013,FALSE,FALSE
08NK014,FALSE,FALSE
08NK016,FALSE,FALSE
08NK017,FALSE,FALSE
08NK018,FALSE,FALSE
08NK019,FALSE,FALSE
08NK020,FALSE,FALSE
08NK021,FALSE,FALSE
08NK022,FALSE,FALSE
08NK023,FALSE,FALSE
08NK025,FALSE,FALSE
08NK026,FALSE,FALSE
08NK027,FALSE,FALSE
08NK028,FALSE,FALSE
08NK029,FALSE,FALSE
08NK030,FALSE,TRUE
08NK031,FALSE,TRUE
08NL004,TRUE,FALSE
08NL005,FALSE,FALSE
08NL006,FALSE,FALSE
08NL007,TRUE,FALSE
08NL008,FALSE,FALSE
08NL009,FALSE,FALSE
08NL010,FALSE,TRUE
08NL011,FALSE,FALSE
08NL012,FALSE,TRUE
08NL013,FALSE,FALSE
08NL014,FALSE,FALSE
08NL015,FALSE,FALSE
08NL018,FALSE,TRUE
08NL019,FALSE,FALSE
08NL020,FALSE,FALSE
08NL021,FALSE,FALSE
08NL022,FALSE,TRUE
08NL023,FALSE,TRUE
08NL024,FALSE,FALSE
08NL025,FALSE,FALSE
08NL033,FALSE,TRUE
08NL034,FALSE,TRUE
08NL035,FALSE,FALSE
08NL036,FALSE,FALSE
08NL037,FALSE,FALSE
08NL038,TRUE,FALSE
08NL039,FALSE,TRUE
08NL040,FALSE,FALSE
08NL041,FALSE,FALSE
08NL042,FALSE,FALSE
08NL043,FALSE,TRUE
08NL044,FALSE,TRUE
08NL045,FALSE,TRUE
08NL046,FALSE,TRUE
08NL047,FALSE,TRUE
08NL049,FALSE,FALSE
08NL050,FALSE,FALSE
08NL051,FALSE,TRUE
08NL052,FALSE,TRUE
08NL053,FALSE,TRUE
08NL054,FALSE,TRUE
08NL056,FALSE,TRUE
08NL057,FALSE,TRUE
08NL058,FALSE,TRUE
08NL059,FALSE,TRUE
08NL060,FALSE,FALSE
08NL061,FALSE,TRUE
08NL062,FALSE,FALSE
08NL064,FALSE,FALSE
08NL065,FALSE,TRUE
08NL067,FALSE,FALSE
08NL068,FALSE,TRUE
08NL069,FALSE,FALSE
08NL070,TRUE,FALSE
08NL071,FALSE,FALSE
08NL072,FALSE,FALSE
08NL074,FALSE,TRUE
08NL075,FALSE,FALSE
08NL076,FALSE,FALSE
08NM001,FALSE,FALSE
08NM002,FALSE,TRUE
08NM003,FALSE,TRUE
08NM004,FALSE,FALSE
08NM005,FALSE,FALSE
08NM006,FALSE,TRUE
08NM007,FALSE,FALSE
08NM008,FALSE,TRUE
08NM009,FALSE,TRUE
08NM010,FALSE,TRUE
08NM011,FALSE,TRUE
08NM012,FALSE,FALSE
08NM013,FALSE,TRUE
08NM014,FALSE,TRUE
08NM015,FALSE,FALSE
08NM016,FALSE,TRUE
08NM017,FALSE,TRUE
08NM018,FALSE,FALSE
08NM020,FALSE,TRUE
08NM021,FALSE,TRUE
08NM022,FALSE,TRUE
08NM023,FALSE,FALSE
08NM024,FALSE,TRUE
08NM025,FALSE,TRUE
08NM026,FALSE,TRUE
08NM028,FALSE,TRUE
08NM029,FALSE,TRUE
08NM030,FALSE,TRUE
08NM031,FALSE,TRUE
08NM032,FALSE,TRUE
08NM033,FALSE,FALSE
08NM034,FALSE,TRUE
08NM035,FALSE,FALSE
08NM036,FALSE,FALSE
08NM037,FALSE,TRUE
08NM038,FALSE,FALSE
08NM039,FALSE,TRUE
08NM040,FALSE,TRUE
08NM041,FALSE,TRUE
08NM042,FALSE,TRUE
08NM043,FALSE,TRUE
08NM044,FALSE,TRUE
08NM046,FALSE,TRUE
08NM047,FALSE,FALSE
08NM048,FALSE,TRUE
08NM049,FALSE,FALSE
08NM050,FALSE,TRUE
08NM052,FALSE,FALSE
08NM053,FALSE,TRUE
08NM054,FALSE,TRUE
08NM055,FALSE,FALSE
08NM056,FALSE,TRUE
08NM057,FALSE,TRUE
08NM058,FALSE,TRUE
08NM059,FALSE,TRUE
08NM060,FALSE,TRUE
08NM061,FALSE,TRUE
08NM062,FALSE,TRUE
08NM063,FALSE,TRUE
08NM065,FALSE,TRUE
08NM066,FALSE,TRUE
08NM067,FALSE,TRUE
08NM068,FALSE,TRUE
08NM069,FALSE,TRUE
08NM070,FALSE,FALSE
08NM071,FALSE,TRUE
08NM072,FALSE,TRUE
08NM073,FALSE,TRUE
08NM074,FALSE,FALSE
08NM075,FALSE,TRUE
08NM076,FALSE,FALSE
08NM082,FALSE,FALSE
08NM083,FALSE,TRUE
08NM084,FALSE,TRUE
08NM085,FALSE,TRUE
08NM113,FALSE,TRUE
08NM114,FALSE,TRUE
08NM116,FALSE,TRUE
08NM117,FALSE,TRUE
08NM118,FALSE,TRUE
08NM119,FALSE,TRUE
08NM120,FALSE,TRUE
08NM121,FALSE,TRUE
08NM122,FALSE,TRUE
08NM123,FALSE,TRUE
08NM124,FALSE,TRUE
08NM125,FALSE,TRUE
08NM126,FALSE,FALSE
08NM127,FALSE,TRUE
08NM129,FALSE,TRUE
08NM130,FALSE,TRUE
08NM131,FALSE,TRUE
08NM132,FALSE,TRUE
08NM133,FALSE,FALSE
08NM134,FALSE,FALSE
08NM135,FALSE,TRUE
08NM136,FALSE,TRUE
08NM137,FALSE,FALSE
08NM138,FALSE,TRUE
08NM139,FALSE,TRUE
08NM140,FALSE,TRUE
08NM141,FALSE,TRUE
08NM142,FALSE,FALSE
08NM143,FALSE,TRUE
08NM145,FALSE,TRUE
08NM146,FALSE,FALSE
08NM147,FALSE,FALSE
08NM148,FALSE,TRUE
08NM149,FALSE,TRUE
08NM150,FALSE,TRUE
08NM151,FALSE,TRUE
08NM152,FALSE,TRUE
08NM153,FALSE,TRUE
08NM154,FALSE,TRUE
08NM155,FALSE,TRUE
08NM156,FALSE,TRUE
08NM157,FALSE,TRUE
08NM158,FALSE,TRUE
08NM159,FALSE,TRUE
08NM160,FALSE,TRUE
08NM161,FALSE,TRUE
08NM162,FALSE,TRUE
08NM163,FALSE,TRUE
08NM164,FALSE,FALSE
08NM165,FALSE,TRUE
08NM166,FALSE,TRUE
08NM167,FALSE,TRUE
08NM168,FALSE,TRUE
08NM169,FALSE,TRUE
08NM170,FALSE,TRUE
08NM171,FALSE,FALSE
08NM172,FALSE,FALSE
08NM173,FALSE,FALSE
08NM174,TRUE,FALSE
08NM175,FALSE,TRUE
08NM176,FALSE,FALSE
08NM177,FALSE,FALSE
08NM178,FALSE,TRUE
08NM179,FALSE,TRUE
08NM180,FALSE,TRUE
08NM181,FALSE,TRUE
08NM182,FALSE,TRUE
08NM183,FALSE,TRUE
08NM197,FALSE,TRUE
08NM198,FALSE,TRUE
08NM199,FALSE,TRUE
08NM200,FALSE,TRUE
08NM201,FALSE,TRUE
08NM202,FALSE,TRUE
08NM207,FALSE,TRUE
08NM210,FALSE,FALSE
08NM212,FALSE,TRUE
08NM213,FALSE,TRUE
08NM215,FALSE,TRUE
08NM216,FALSE,TRUE
08NM217,FALSE,TRUE
08NM218,FALSE,TRUE
08NM219,FALSE,TRUE
08NM220,FALSE,TRUE
08NM224,FALSE,TRUE
08NM225,FALSE,TRUE
08NM226,FALSE,TRUE
08NM227,FALSE,TRUE
08NM228,FALSE,TRUE
08NM229,FALSE,TRUE
08NM230,FALSE,TRUE
08NM231,FALSE,TRUE
08NM232,FALSE,TRUE
08NM233,FALSE,TRUE
08NM234,FALSE,TRUE
08NM235,FALSE,FALSE
08NM237,FALSE,TRUE
08NM238,FALSE,TRUE
08NM239,FALSE,TRUE
08NM240,TRUE,FALSE
08NM241,FALSE,FALSE
08NM242,TRUE,FALSE
08NM243,FALSE,FALSE
08NM246,FALSE,FALSE
08NM247,FALSE,TRUE
08NM248,FALSE,
08NM249,FALSE,FALSE
08NM250,FALSE,
08NN001,FALSE,TRUE
08NN002,FALSE,FALSE
08NN003,FALSE,TRUE
08NN004,FALSE,FALSE
08NN005,FALSE,FALSE
08NN006,FALSE,TRUE
08NN007,FALSE,TRUE
08NN008,FALSE,FALSE
08NN009,FALSE,FALSE
08NN010,FALSE,TRUE
08NN011,FALSE,TRUE
08NN012,FALSE,FALSE
08NN013,FALSE,FALSE
08NN014,FALSE,FALSE
08NN015,TRUE,FALSE
08NN016,FALSE,FALSE
08NN017,FALSE,FALSE
08NN018,FALSE,TRUE
08NN019,FALSE,FALSE
08NN020,FALSE,FALSE
08NN021,FALSE,FALSE
08NN022,FALSE,FALSE
08NN023,FALSE,FALSE
08NN024,FALSE,FALSE
08NN025,FALSE,FALSE
08NN026,FALSE,TRUE
08NN027,FALSE,TRUE
08NN028,FALSE,FALSE
08NP001,FALSE,FALSE
08NP002,FALSE,FALSE
08NP003,FALSE,FALSE
08NP004,FALSE,FALSE
08NP005,FALSE,FALSE
08OA001,FALSE,FALSE
08OA002,TRUE,FALSE
08OA003,TRUE,FALSE
08OA004,TRUE,FALSE
08OA005,TRUE,FALSE
08OB001,FALSE,FALSE
08OB002,TRUE,FALSE
08OB003,FALSE,FALSE
08PA001,FALSE,FALSE
08PA002,FALSE,FALSE
08PA003,FALSE,FALSE
08PA004,FALSE,TRUE
08PA009,FALSE,TRUE
08PA010,FALSE,TRUE
08PA012,FALSE,FALSE
09AA001,FALSE,FALSE
09AA003,FALSE,FALSE
09AA004,FALSE,FALSE
09AA006,FALSE,FALSE
09AA007,FALSE,FALSE
09AA008,FALSE,FALSE
09AA009,FALSE,FALSE
09AA010,FALSE,FALSE
09AA011,FALSE,FALSE
09AA012,TRUE,FALSE
09AA013,FALSE,FALSE
09AA014,FALSE,FALSE
09AA015,FALSE,FALSE
09AA016,FALSE,FALSE
09AA017,FALSE,TRUE
09AA018,FALSE,FALSE
09AB001,FALSE,TRUE
09AB004,FALSE,TRUE
09AB008,FALSE,FALSE
09AB009,FALSE,FALSE
09AB010,FALSE,TRUE
09AC001,TRUE,FALSE
09AC004,FALSE,FALSE
09AC005,FALSE,FALSE
09AC007,FALSE,FALSE
09AD001,FALSE,FALSE
09AD002,FALSE,FALSE
09AE001,FALSE,FALSE
09AE002,FALSE,FALSE
09AE003,TRUE,FALSE
09AE004,FALSE,FALSE
09AE006,FALSE,FALSE
09AF001,FALSE,FALSE
09AG001,FALSE,FALSE
09AG002,FALSE,FALSE
09AG003,FALSE,FALSE
09AH001,FALSE,FALSE
09AH003,FALSE,FALSE
09AH004,TRUE,FALSE
09AH005,FALSE,FALSE
09BA001,FALSE,FALSE
09BA002,FALSE,FALSE
09BB001,TRUE,FALSE
09BB002,FALSE,FALSE
09BC001,TRUE,FALSE
09BC002,FALSE,FALSE
09BC003,FALSE,TRUE
09BC004,FALSE,FALSE
09BC005,FALSE,FALSE
09CA001,FALSE,FALSE
09CA002,FALSE,FALSE
09CA003,FALSE,FALSE
09CA004,FALSE,FALSE
09CA006,FALSE,FALSE
09CB001,TRUE,FALSE
09CB002,FALSE,FALSE
09CD001,FALSE,FALSE
09DA001,FALSE,FALSE
09DB001,FALSE,FALSE
09DC001,FALSE,TRUE
09DC002,FALSE,FALSE
09DC003,FALSE,FALSE
09DC004,FALSE,TRUE
09DC005,FALSE,TRUE
09DC006,FALSE,FALSE
09DD002,FALSE,FALSE
09DD003,FALSE,FALSE
09DD004,FALSE,FALSE
09EA003,FALSE,FALSE
09EA004,TRUE,FALSE
09EA005,FALSE,FALSE
09EA006,FALSE,FALSE
09EB001,FALSE,FALSE
09EB002,FALSE,FALSE
09EB003,TRUE,FALSE
09EB004,FALSE,TRUE
09EC001,FALSE,FALSE
09EC002,FALSE,FALSE
09ED001,FALSE,FALSE
09FA001,FALSE,FALSE
09FB001,FALSE,FALSE
09FB002,FALSE,FALSE
09FB003,FALSE,FALSE
09FC001,TRUE,FALSE
09FD001,FALSE,FALSE
09FD002,FALSE,FALSE
09FD003,FALSE,FALSE
10AA001,FALSE,FALSE
10AA002,FALSE,FALSE
10AA004,FALSE,FALSE
10AA005,FALSE,FALSE
10AA006,FALSE,FALSE
10AB001,TRUE,FALSE
10AB002,FALSE,FALSE
10AB003,FALSE,FALSE
10AC001,FALSE,FALSE
10AC002,FALSE,FALSE
10AC003,FALSE,FALSE
10AC004,FALSE,FALSE
10AC005,TRUE,FALSE
10AC006,FALSE,FALSE
10AD001,FALSE,FALSE
10AD002,FALSE,FALSE
10BA001,FALSE,FALSE
10BB001,FALSE,FALSE
10BB002,FALSE,FALSE
10BC001,FALSE,FALSE
10BD001,FALSE,FALSE
10BE001,TRUE,FALSE
10BE002,FALSE,FALSE
10BE004,TRUE,FALSE
10BE005,FALSE,FALSE
10BE006,FALSE,FALSE
10BE007,TRUE,FALSE
10BE008,FALSE,FALSE
10BE009,TRUE,FALSE
10BE010,FALSE,FALSE
10BE011,FALSE,FALSE
10BE012,FALSE,FALSE
10BE013,FALSE,FALSE
10CA001,FALSE,FALSE
10CB001,TRUE,FALSE
10CC001,FALSE,FALSE
10CC002,FALSE,FALSE
10CD001,TRUE,FALSE
10CD002,FALSE,FALSE
10CD003,FALSE,FALSE
10CD004,TRUE,FALSE
10CD005,TRUE,FALSE
10CD006,FALSE,FALSE
10DA001,FALSE,FALSE
10DB001,FALSE,
10EA002,FALSE,FALSE
10EA003,FALSE,FALSE
10EA004,FALSE,FALSE
10EB001,TRUE,FALSE
10EB002,FALSE,FALSE
10EB003,FALSE,FALSE
10EC001,FALSE,FALSE
10EC002,FALSE,FALSE
10EC003,FALSE,FALSE
10EC004,FALSE,FALSE
10ED001,FALSE,FALSE
10ED002,TRUE,FALSE
10ED003,TRUE,FALSE
10ED004,FALSE,FALSE
10ED005,FALSE,FALSE
10ED006,FALSE,FALSE
10ED007,TRUE,FALSE
10ED008,FALSE,FALSE
10ED009,FALSE,FALSE
10ED010,FALSE,FALSE
10FA001,FALSE,FALSE
10FA002,TRUE,FALSE
10FB001,FALSE,TRUE
10FB002,FALSE,TRUE
10FB003,FALSE,TRUE
10FB004,FALSE,TRUE
10FB005,TRUE,FALSE
10FB006,FALSE,TRUE
10FC001,FALSE,FALSE
10GA001,TRUE,FALSE
10GB001,FALSE,FALSE
10GB002,FALSE,TRUE
10GB003,FALSE,TRUE
10GB004,FALSE,TRUE
10GB005,FALSE,FALSE
10GB006,TRUE,FALSE
10GC001,FALSE,TRUE
10GC002,FALSE,FALSE
10GC003,FALSE,FALSE
10GC004,FALSE,TRUE
10GC005,FALSE,FALSE
10GC006,FALSE,TRUE
10GD001,FALSE,FALSE
10GD002,FALSE,FALSE
10HA001,FALSE,TRUE
10HA002,FALSE,FALSE
10HA003,FALSE,FALSE
10HA004,FALSE,FALSE
10HB001,FALSE,FALSE
10HB002,FALSE,TRUE
10HB003,FALSE,FALSE
10HB004,FALSE,FALSE
10HB005,FALSE,FALSE
10HC001,FALSE,TRUE
10HC002,FALSE,TRUE
10HC003,FALSE,FALSE
10HC004,FALSE,TRUE
10HC005,FALSE,FALSE
10HC006,FALSE,FALSE
10HC007,FALSE,
10HC008,FALSE,FALSE
10JA001,FALSE,FALSE
10JA002,FALSE,FALSE
10JA003,FALSE,
10JA004,FALSE,FALSE
10JB001,FALSE,FALSE
10JC001,FALSE,
10JC002,FALSE,FALSE
10JC003,TRUE,FALSE
10JD001,FALSE,FALSE
10JD002,FALSE,FALSE
10JE001,FALSE,FALSE
10JE002,FALSE,FALSE
10KA001,FALSE,TRUE
10KA002,FALSE,FALSE
10KA003,FALSE,FALSE
10KA004,FALSE,TRUE
10KA005,FALSE,FALSE
10KA006,FALSE,FALSE
10KA007,FALSE,FALSE
10KA008,FALSE,
10KA009,FALSE,
10KB001,FALSE,FALSE
10KB901,FALSE,
10KC001,FALSE,FALSE
10KC901,FALSE,
10KD001,FALSE,TRUE
10KD002,FALSE,TRUE
10KD003,FALSE,TRUE
10KD004,FALSE,FALSE
10KD005,FALSE,
10KD006,FALSE,
10KD007,FALSE,TRUE
10KD008,FALSE,TRUE
10KD009,FALSE,
10LA001,FALSE,FALSE
10LA002,TRUE,FALSE
10LA004,FALSE,FALSE
10LB001,FALSE,FALSE
10LB002,FALSE,TRUE
10LB003,FALSE,TRUE
10LB004,FALSE,
10LB005,FALSE,
10LB006,FALSE,
10LB007,FALSE,
10LC001,FALSE,FALSE
10LC002,FALSE,TRUE
10LC003,FALSE,FALSE
10LC004,FALSE,FALSE
10LC005,FALSE,TRUE
10LC006,FALSE,TRUE
10LC007,TRUE,FALSE
10LC008,FALSE,TRUE
10LC009,FALSE,FALSE
10LC010,FALSE,FALSE
10LC011,FALSE,TRUE
10LC012,FALSE,TRUE
10LC013,FALSE,TRUE
10LC014,FALSE,TRUE
10LC015,FALSE,TRUE
10LC016,FALSE,TRUE
10LC017,FALSE,FALSE
10LC018,FALSE,
10LC019,FALSE,TRUE
10LC020,FALSE,
10LC021,FALSE,
10LD001,FALSE,TRUE
10LD002,FALSE,FALSE
10LD004,FALSE,
10MA001,FALSE,FALSE
10MA002,FALSE,FALSE
10MA003,TRUE,FALSE
10MA004,FALSE,
10MA005,FALSE,
10MB001,FALSE,FALSE
10MB003,FALSE,FALSE
10MB004,FALSE,FALSE
10MC001,FALSE,FALSE
10MC002,TRUE,FALSE
10MC003,FALSE,TRUE
10MC004,FALSE,TRUE
10MC005,FALSE,TRUE
10MC007,FALSE,FALSE
10MC008,FALSE,TRUE
10MC009,FALSE,TRUE
10MC010,FALSE,TRUE
10MC011,FALSE,TRUE
10MC012,FALSE,TRUE
10MC013,FALSE,
10MC014,FALSE,
10MC015,FALSE,TRUE
10MC016,FALSE,
10MC017,FALSE,
10MC018,FALSE,
10MC019,FALSE,
10MC020,FALSE,
10MC021,FALSE,
10MC022,FALSE,FALSE
10MC023,FALSE,TRUE
10MD001,FALSE,FALSE
10MD002,FALSE,FALSE
10NA001,FALSE,FALSE
10NB001,FALSE,
10NC001,TRUE,FALSE
10ND001,FALSE,FALSE
10ND002,TRUE,FALSE
10ND003,FALSE,FALSE
10ND004,FALSE,FALSE
10ND005,FALSE,
10ND006,FALSE,
10OB001,FALSE,FALSE
10OC001,FALSE,FALSE
10PA001,FALSE,FALSE
10PA002,FALSE,FALSE
10PB001,TRUE,FALSE
10PB002,FALSE,FALSE
10PB003,FALSE,FALSE
10PC001,FALSE,FALSE
10PC002,FALSE,FALSE
10PC003,FALSE,FALSE
10PC004,FALSE,FALSE
10PC005,TRUE,FALSE
10QA001,TRUE,FALSE
10QB001,FALSE,FALSE
10QC001,FALSE,FALSE
10QC002,FALSE,FALSE
10QC003,FALSE,FALSE
10QC004,FALSE,FALSE
10QD001,TRUE,FALSE
10RA001,FALSE,FALSE
10RA002,FALSE,FALSE
10RC001,TRUE,FALSE
10RC002,FALSE,FALSE
10SA001,FALSE,FALSE
10SA002,FALSE,FALSE
10SA003,FALSE,FALSE
10SA004,FALSE,FALSE
10SB001,FALSE,FALSE
10TA001,FALSE,FALSE
10TF001,TRUE,FALSE
10TM001,FALSE,FALSE
10TM002,FALSE,FALSE
10TN001,FALSE,FALSE
10TN002,FALSE,FALSE
10TN003,FALSE,FALSE
10UB001,FALSE,FALSE
10UE001,FALSE,FALSE
10UF001,FALSE,FALSE
10UG001,FALSE,FALSE
10UG002,FALSE,
10UH001,TRUE,FALSE
10UH002,FALSE,FALSE
10UH003,FALSE,FALSE
10UH004,FALSE,FALSE
10UH005,FALSE,FALSE
10UH006,FALSE,
10UH007,FALSE,
10UH008,FALSE,
10UH009,FALSE,
10UH010,FALSE,FALSE
10UH011,FALSE,FALSE
10UH012,FALSE,FALSE
10UH013,FALSE,
10UH014,FALSE,FALSE
10UJ001,FALSE,FALSE
10VB001,FALSE,FALSE
10VB002,FALSE,FALSE
10VB003,FALSE,FALSE
10VB004,FALSE,FALSE
10VC001,FALSE,FALSE
10VC002,FALSE,FALSE
10VC003,FALSE,FALSE
10VC004,FALSE,FALSE
10VC005,FALSE,FALSE
10VC006,FALSE,FALSE
10VC007,FALSE,FALSE
10VC008,FALSE,FALSE
10VC009,FALSE,FALSE
10VC010,FALSE,FALSE
10VC011,FALSE,FALSE
10VC012,FALSE,FALSE
10VC013,FALSE,FALSE
10VC014,FALSE,FALSE
10VH001,FALSE,FALSE
10VK001,FALSE,FALSE
11AA001,FALSE,TRUE
11AA002,FALSE,FALSE
11AA003,FALSE,FALSE
11AA004,FALSE,FALSE
11AA005,FALSE,TRUE
11AA006,FALSE,FALSE
11AA007,FALSE,FALSE
11AA009,FALSE,TRUE
11AA010,FALSE,FALSE
11AA011,FALSE,FALSE
11AA012,FALSE,TRUE
11AA013,FALSE,TRUE
11AA022,FALSE,TRUE
11AA023,FALSE,FALSE
11AA024,FALSE,FALSE
11AA025,FALSE,TRUE
11AA026,TRUE,FALSE
11AA027,FALSE,TRUE
11AA028,FALSE,TRUE
11AA029,FALSE,TRUE
11AA030,FALSE,TRUE
11AA031,FALSE,TRUE
11AA032,FALSE,FALSE
11AA033,FALSE,FALSE
11AA034,FALSE,TRUE
11AA035,FALSE,TRUE
11AA036,FALSE,TRUE
11AA037,FALSE,FALSE
11AA038,FALSE,TRUE
11AA039,FALSE,FALSE
11AA040,FALSE,TRUE
11AB001,FALSE,TRUE
11AB003,FALSE,TRUE
11AB004,FALSE,FALSE
11AB005,FALSE,FALSE
11AB006,FALSE,FALSE
11AB007,FALSE,TRUE
11AB008,FALSE,TRUE
11AB009,FALSE,TRUE
11AB010,FALSE,TRUE
11AB011,FALSE,TRUE
11AB012,FALSE,TRUE
11AB014,FALSE,FALSE
11AB015,FALSE,TRUE
11AB016,FALSE,TRUE
11AB018,FALSE,TRUE
11AB019,FALSE,TRUE
11AB020,FALSE,TRUE
11AB021,FALSE,TRUE
11AB022,FALSE,TRUE
11AB023,FALSE,TRUE
11AB024,FALSE,TRUE
11AB025,FALSE,TRUE
11AB026,FALSE,TRUE
11AB027,FALSE,TRUE
11AB034,FALSE,TRUE
11AB037,FALSE,TRUE
11AB038,FALSE,TRUE
11AB042,FALSE,TRUE
11AB043,FALSE,TRUE
11AB044,FALSE,TRUE
11AB051,FALSE,TRUE
11AB052,FALSE,TRUE
11AB053,FALSE,TRUE
11AB054,FALSE,TRUE
11AB058,FALSE,TRUE
11AB060,FALSE,TRUE
11AB063,FALSE,FALSE
11AB064,FALSE,TRUE
11AB065,FALSE,TRUE
11AB066,FALSE,TRUE
11AB067,FALSE,TRUE
11AB070,FALSE,FALSE
11AB071,FALSE,TRUE
11AB073,FALSE,TRUE
11AB075,TRUE,FALSE
11AB076,FALSE,FALSE
11AB077,FALSE,TRUE
11AB078,FALSE,TRUE
11AB080,FALSE,TRUE
11AB081,FALSE,FALSE
11AB082,FALSE,TRUE
11AB083,FALSE,TRUE
11AB084,FALSE,TRUE
11AB085,FALSE,TRUE
11AB086,FALSE,TRUE
11AB087,FALSE,TRUE
11AB088,FALSE,TRUE
11AB089,FALSE,TRUE
11AB090,FALSE,TRUE
11AB091,FALSE,TRUE
11AB092,FALSE,TRUE
11AB093,FALSE,TRUE
11AB094,FALSE,TRUE
11AB095,FALSE,TRUE
11AB096,FALSE,TRUE
11AB097,FALSE,TRUE
11AB098,FALSE,TRUE
11AB099,FALSE,TRUE
11AB100,FALSE,TRUE
11AB101,FALSE,TRUE
11AB102,FALSE,TRUE
11AB103,FALSE,TRUE
11AB104,FALSE,TRUE
11AB105,FALSE,FALSE
11AB107,FALSE,FALSE
11AB108,FALSE,TRUE
11AB109,FALSE,TRUE
11AB110,FALSE,TRUE
11AB111,FALSE,FALSE
11AB112,FALSE,TRUE
11AB113,FALSE,TRUE
11AB114,FALSE,TRUE
11AB115,FALSE,TRUE
11AB116,FALSE,TRUE
11AB117,TRUE,FALSE
11AB118,FALSE,TRUE
11AB119,FALSE,TRUE
11AB902,FALSE,FALSE
11AC001,FALSE,TRUE
11AC002,FALSE,TRUE
11AC003,FALSE,FALSE
11AC004,FALSE,FALSE
11AC005,FALSE,TRUE
11AC006,FALSE,TRUE
11AC007,FALSE,FALSE
11AC008,FALSE,FALSE
11AC009,FALSE,FALSE
11AC010,FALSE,FALSE
11AC011,FALSE,FALSE
11AC014,FALSE,FALSE
11AC015,FALSE,TRUE
11AC016,FALSE,FALSE
11AC017,FALSE,TRUE
11AC018,FALSE,TRUE
11AC019,FALSE,TRUE
11AC020,FALSE,TRUE
11AC021,FALSE,TRUE
11AC022,FALSE,TRUE
11AC023,FALSE,TRUE
11AC024,FALSE,TRUE
11AC025,FALSE,FALSE
11AC026,FALSE,FALSE
11AC027,FALSE,FALSE
11AC028,FALSE,FALSE
11AC029,FALSE,TRUE
11AC030,FALSE,TRUE
11AC031,FALSE,TRUE
11AC032,FALSE,TRUE
11AC034,FALSE,TRUE
11AC035,FALSE,TRUE
11AC036,FALSE,TRUE
11AC037,FALSE,TRUE
11AC038,FALSE,TRUE
11AC040,FALSE,FALSE
11AC041,FALSE,TRUE
11AC042,FALSE,TRUE
11AC043,FALSE,TRUE
11AC044,FALSE,TRUE
11AC045,FALSE,TRUE
11AC046,FALSE,TRUE
11AC047,FALSE,TRUE
11AC050,FALSE,TRUE
11AC051,FALSE,TRUE
11AC052,FALSE,TRUE
11AC053,FALSE,TRUE
11AC054,FALSE,TRUE
11AC055,FALSE,TRUE
11AC056,FALSE,TRUE
11AC057,FALSE,TRUE
11AC059,FALSE,TRUE
11AC060,FALSE,TRUE
11AC062,FALSE,TRUE
11AC063,FALSE,TRUE
11AC064,FALSE,TRUE
11AC065,FALSE,TRUE
11AC066,FALSE,TRUE
11AC067,FALSE,TRUE
11AC068,FALSE,TRUE
11AC069,FALSE,TRUE
11AC070,FALSE,TRUE
11AC071,FALSE,TRUE
11AC072,FALSE,TRUE
11AC073,FALSE,FALSE
11AD001,FALSE,FALSE
11AD002,FALSE,TRUE
11AE001,FALSE,FALSE
11AE002,FALSE,FALSE
11AE003,FALSE,TRUE
11AE004,FALSE,TRUE
11AE005,FALSE,TRUE
11AE006,FALSE,FALSE
11AE007,FALSE,FALSE
11AE008,FALSE,FALSE
11AE009,FALSE,FALSE
11AE010,FALSE,TRUE
11AE011,FALSE,TRUE
11AE012,FALSE,FALSE
11AE013,FALSE,TRUE
11AE014,FALSE,FALSE
11AE015,FALSE,TRUE
11AE016,FALSE,TRUE
11AE018,FALSE,FALSE
11AF001,FALSE,
11AF002,FALSE,FALSE
11AF004,FALSE,TRUE
11AF005,FALSE,FALSE
